English;adcovtle;Notes (adcovtle);Data Comprehension (adcovtle);Part of Speech (adcovtle);Difficulty (adcovtle);we;Notes (we);Data Comprehension (we);Avamants Logetavys;Notes (Avamants Logetavys);Data Comprehension (Avamants Logetavys);Šelva Enkan;Notes (Šelva Enkan);Data Comprehension (Šelva Enkan);Wàmèrìʒá;Notes (Wàmèrìʒá);Data Comprehension (Wàmèrìʒá);Quərfi;Notes (Quərfi);Data Comprehension (Quərfi);Proto-Kwerfia;Notes (Proto-Kwerfia);Data Comprehension (Proto-Kwerfia);Senta Grèstilsa;Notes (Senta Grèstilsa);Data Comprehension (Senta Grèstilsa);Mēeu Gēo;Notes (Mēeu Gēo);Data Comprehension (Mēeu Gēo);Ongrèstilsa;Notes (Ongrèstilsa);Data Comprehension (Ongrèstilsa);Qsek'a;Notes (Qsek'a);Data Comprehension (Qsek'a);B´andve;Notes (B´andve);Data Comprehension (B´andve);Opetfi;Notes (Opetfi);Data Comprehension (Opetfi);Cjëmta;Notes (Cjëmta);Data Comprehension (Cjëmta);Fashiikéfa;Notes (Fashiikéfa);Data Comprehension (Fashiikéfa);peküzhí Nakiwá;Notes (peküzhí Nakiwá);Data Comprehension (peküzhí Nakiwá);Łok'aqe;Notes (Łok'aqe);Data Comprehension (Łok'aqe);Q'ucnaimxk'uł7;Notes (Q'ucnaimxk'uł7);Data Comprehension (Q'ucnaimxk'uł7);Dreeenuce;Notes (Dreeenuce);Data Comprehension (Dreeenuce);Wilakana;Notes (Wilakana);Data Comprehension (Wilakana);Çalbaça;Notes (Çalbaça);Data Comprehension (Çalbaça);Ligu magyk;Notes (Ligu magyk);Data Comprehension (Ligu magyk);Proto-North-Ovøta;Notes (Proto-North-Ovøta);Data Comprehension (Proto-North-Ovøta);çymtoçamao - 5000 BC;Notes (çymtoçamao - 5000 BC);Data Comprehension (çymtoçamao - 5000 BC);çyntoçana - 2000 BC;Notes (çyntoçana - 2000 BC);Data Comprehension (çyntoçana - 2000 BC);Proto-Çuço;Notes (Proto-Çuço);Data Comprehension (Proto-Çuço);Çúaço aʃoevújaço;Notes (Çúaço aʃoevújaço);Data Comprehension (Çúaço aʃoevújaço);Español;Français;last column (leave blank and insert to left)
to see;abið;;abið;verb;;taby;imperfect -we;taby;tabyv;;tabyv;khilte;short;khilte;;;;vəʒur;;vəʒur;viʃurot;;viʃurot;volgere;Irregular in all singular indicative forms: valgere;volgere;ivōgēe;Irregular in all singular indicative forms: ivāgāe;ivōgēe;volgere;Irregular in all singular indicative forms: valgere;volgere;fofo;;fofo;;;;;;;;;;;;;gaweyásö;;gaweyasö;;;;;;;;;;;;;;;;viðe;;viðe;kegal;;kegal;;;;;;;ebani;;ebani;oevanúj;;oevanúj;ver;voir;
from;ad;;ad;preposition;;a;;a;ædə;;ædə;;;;àwèlè;;awele;vrə;;vrə;avri;;avri;;;;;;;;;;;;;;;;;;;;;;;;;náge;;nage;;;;;;;;;;;;;;;;ap;;ap;;;;;;;;;;;;;;;;de;de;
to enter;adan;;adan;verb;;tada;imperfect -ne;tada;tædan;;tædan;;;;;;;;;;;;;;;;;;;;;;;;;;;;;;;;;;;;;;;;;;;;;;;;;;;;;;;iθəra;;iθəra;;;;;;;;;;;;;;;;entrar;entrer;
to decide;adecið;;adecið;verb;;tazicy;imperfect -we;tazicy;tædəikyvə;;tædəikyvə;;;;;;;;;;;;;;;;;;;;;;;;;;;;;;;;;;;;;;;;;;;;;;;;;;;;;;;ðɛgerəne;;ðɛgerəne;;;;;;;;;;;;;;;;decidir;décider;
to ask;adelañate;;adelañate;erb;;;;;;;;;;;;;;;;;;;;;;;;;;;;;;;;;;;;;;;;;;;;;;;;;;;;;;;;;;;;;;kəvaere;;kəvaere;;;;;;;;;;;;;;;;pedir;demande;
next to;ajéc;;ajec;preposition;;;;;;;;;;;;;;;;;;;;;;;;;;;;;;;;;;;;;;;;;;;;nomó;;nomo;;;;;;;;;;;;;;;;ʒykəst;;ʒykəst;;;;;;;;;;;;;;;;;;
many;amle;;amle;adjective;;;;;;;;;;;;;;;;;;;;;;;;;;;;;;;;;;;;;;;;;;;;;;;;;;;;;;;;;;;;;;muləti;;muləti;;;;;;;;;;;;;;;;;;
verb;amvebla;;amvebla;noun;;;;;;;;;;;;;;;;;;;;;;;;;;;;;;;;;;;;;;;;;;;;;;;;;;;;;;;;;;;;;;verəbu;;verəbu;;;;;;;;;;;;;;;;;;
in;an;;an;preposition;;;;;;;;;;;;;;;;;;;;;;;;;;;;;;;;;;;;;;;;;;;;bü;;bü;;;;;;;;;;;;;;;;i;;i;;;;;;;;;;;;;;;;;;
;are;active voice construction, optional;are;plavestafras;;;;;;;;;;;;;;;;;;;;;;;;;;;;;;;;;;;;;;;;;;;;;;;;;;;;;;;;;;;;;;;;;;;;;;;;;;;;;;;;;;
to think;aseclu;;aseclu;verb;;;;;;;;;;;;;;;;;;;;;;;;;;;;;ʔipθu;;ʔipθu;;;;;;;;;;;;;;;;;;;;;;;;;;;;;;;kugyda;;kugyda;;;;;;;;;;;;;;;;;;
water;ata;;ata;noun;;;;;;;;;;;pólò;inanimate, -;polo;pol;inanimate, -;pol;pole;inanimate;pole;as;;as;āe;;āe;ase;;ase;;;;;;;;;;;;;diispu;;diispu;ma gaké;go yazhiká;ma gake;;;;;;;;;;fawa;;fawa;;;;akəf;;akəf;tvøço;;tvøço;rø;;rø;rø;;rø;;;;;;;;;
wet;ata;;ata;adjective;;;;;;;;;;;ʃálà;;ʃala;ʃal;;ʃal;ʃala;;ʃala;;;;;;;;;;;;;;;;;;;;;;;;;;;;;;;;;;;;;;;;;;;humiðu;;humiðu;;;;;;;;;;;;;;;;;;
bye;ate;;ate;interjection;;;;;;;;;;;;;;;;;;;;;;;;;;;;;;;;;;;;;;;;;;;;;;;;;;;;;;;;;;;;;;aðeu;;aðeu;;;;;;;;;;;;;;;;;;
you;atle;plural;atle;pronoun;;;;;;;;;;;tó;;to;toi;plural;toi;to;;to;;;;;;;;;;;;;g´ja;;g´ja;;;;;;;;;;tu shósho;;tu šošo;;;;;;;;;;;;;;;;vo;;vo;beŋe;;beŋe;;;;;;;;;;;;;;;
bird;avia;;avia;noun;;;;;;;;;;;;;;;;;;;;;;;;;;;;;çenpjeta;;çenpjeta;;;;;;;;;;;;;;;;;;;;;;;;;;;;;;;avy;;avy;;;;;;;;;;;;;;;;;;
cloth;baða;;baða;noun;;;;;;;;;;;;;;;;;;;;;;;;;;;;;;;;;;;;;;;;;;;;;;;;;;;;;;;;;;;;;;paləliu;;paləliu;;;;;;;;;;;;;;;;;;
good;bagli;;bagli;adjective;;;;;;;;;;;pélà;irregular invariant form;pela;prə;irregular invariant form;prə;pri;irregular invariant form;pri;xux;;xux;ixu;;ixu;xug;;xug;;;;log´e;;log´e;;;;;;;;;;;;;;;;;;;;;;;;;;;;bou;;bou;;;;;;;;;;;;;;;;bueno;bon;
to exist;bevila;;bevila;verb;;;;;;;;;;;tórù;irregular verb;toru;təri;;təri;toriat;;toriat;;;;;;;;;;;;;;;;;;;;;;;;;;;;;;;;;;;;;;;;;;;ɛkəsyte;;ɛkəsyte;;;;;;;;;;;;;;;;;;
to make;bevlata;;bevlata;verb;;;;;;;;;;;;;;;;;;;;;;;;;;;;;;;;;;;;;;;;;;;;peké;irregular;peke;;;;;;;;;;;;;;;;fage;;fage;;;;;;;;;;;;;;;;;;
to do;bevlata;;bevlata;verb;;;;;;;;;;;;;;;;;;;;;;;;;;;;;;;;;;;;;;;;;;;;peké;irregular;peke;;;;;;;;;;;;;;;;fage;;fage;;;;;;;;;;;;;;;;;;
red;bliða;;bliða;adjective;;;;;;;;;;;pò;;po;;;;bot;;bot;;;;;;;;;;;;;;;;ro;;ro;;;;;;;;;;;;;;;;;;;;;;;;;rubəru;;rubəru;;;;;;;;;;;;;;;;;;
fence;bloce;;bloce;noun;;;;;;;;;;;;;;;;;;;;;;;;;;;;;;;;;;;;;;;;;;;;;;;;;;;;;;;;;;;;;;saɛpe;;saɛpe;;;;;;;;;;;;;;;;;;
festival;canaval;;canaval;noun;;;;;;;;;;;;;;;;;;;;;;;;;;;;;;;;;;;;;;;;;;;;;;;;;;;;;;;;;;;;;;fetu;;fetu;;;;;;;;;;;;;;;;;;
map;capa;;capa;noun;;;;;;;;;;;;;;;;;;;;;;;;;;;;;;;;;;;;;;;;;;;;;;;;;;;;;;;;;;;;;;map;;map;;;;;;;;;;;;;;;;;;
four;caþ;;caþ;number;;kase;;kase;kæts;;kæts;;;;sèrà;;sera;;;;zera;;zera;;;;;;;;;;;;;;;;;;;;;;;;;;;;;;;;;;;;;;;;;;;kəvadue;;kəvadue;;;;;;;;;;ʒege;;ʒege;ʒóemaʒo;;ʒóemaʒo;;;
school;ceclo;;ceclo;noun;;;;;;;;;;;;;;;;;;;;;;;;;;;;;;;;;;;;;;;;;;;;;;;;;;;;;;;;;;;;;;səkhol;;səkhol;;;;;;;;;;;;;;;;;;
tree;cleð;;cleð;noun;;klewe;oblique, dative -i;klewe;klevs;;klevs;;;;sõnò;inanimate, -;sõno;zənh;inanimate, -f;zənh;zonfe;inanimate;zonfe;rès;;rès;dēe;;dēe;trése;;trése;;;;;;;;;;;;;;;;;;;;;;;;;;;;;;;;;;arəbe;;arəbe;;;;byre;;byre;byra;;byra;;;;;;;arbol;arbe;
they;co;;co;pronoun;;;;;;;;;;;çùrò;;çuro;ʒur;;ʒur;ʝuro;;ʝuro;;;;;;;;;;;;;b´â;;b´â;;;;;;;;;;;;;;;;;;;;;;;;;;;;iləli;;iləli;gɛly;;gɛly;;;;;;;;;;;;;;;
them;co;;co;pronoun;;;;;;;;;;;çùròò;;çuroo;ʒəroi;;ʒəroi;ʝuros;;ʝuros;;;;;;;;;;;;;b´â;;b´â;;;;;;;;;;;;;;;;;;;;;;;;;;;;;;;gɛly;;gɛly;;;;;;;;;;;;;;;
restaurant;comisra;;comisra;noun;;;;;;;;;;;;;;;;;;;;;;;;;;;;;;;;;;;;;;;;;;;;;;;;;;;;;;;;;;;;;;;;;;;;;;;;;;;;;;;;;;
correct;coþle;;coþle;adjective;;;;;;;;;;;;;;;;;;;;;;;;;;;;;;;;;;;;;;;;;;;;;;;;;;;;;;;;;;;;;;;;;;;;;;;;;;;;;;;;;;
day;da;;da;noun;;;;;;;;;;;sóólò;;soolo;sotr;inanimate, -;sotr;sotra;;sotra;;;;;;;;;;;;;;;;;;;;;;;;;ö kemízu;go yazhiká;ö kemizu;;;;;;;;;;;;;;;;;;;;;;;;;;;;;;;;;;;;
their;ðaðo;;ðaðo;pronoun;;;;;;;;;;;;;;;;;;;;;;;;;;;;;;;;;;;;;;;;;;;;;;;;;;;;;;;;;;;;;;;;;;;;;;;;;;;;;;;;;;
his;ðeco;;ðeco;pronoun;;;;;;;;;;;;;;;;;;;;;;;;;;;;;;;;;;;;;;;;;;;;;;;;;;;;;;;;;;;;;;;;;;;;;;;;;;;;;;;;;;
her;ðeco;;ðeco;pronoun;;;;;;;;;;;;;;;;;;;;;;;;;;;;;;;;;;;;;;;;;;;;;;;;;;;;;;;;;;;;;;;;;;;;;;;;;;;;;;;;;;
its;ðeco;;ðeco;pronoun;;;;;;;;;;;;;;;;;;;;;;;;;;;;;;;;;;;;;;;;;;;;;;;;;;;;;;;;;;;;;;;;;;;;;;;;;;;;;;;;;;
mine;ðedma;;ðedma;pronoun;;;;;;;;;;;;;;;;;;;;;;;;;;;;;;;;;;;;;;;;;;;;;;;;;;;;;;;;;;;;;;;;;;;;;;;;;;;;;;;;;;
your;ðedva;;ðedva;pronoun;;;;;;;;;;;;;;;;;;;;;;;;;;;;;;;;;;;;;;;;;;;;;;;;;;;;;;;;;;;;;;;;;;;;;;;;;;;;;;;;;;
all;dera;;dera;adjective;;;;;;;;;;;;;;;;;;;;;;;;;;;;;;;;;;;;;;;;;etaa;;etaa;;;;;;;;;;;;;;;;;;;;;;;;;;;;;;;;;;;;;;;
with;ðev;;ðev;preposition;;;;;;;;;;;;;;;;;;;;;;;;;;;;;;;;;;;;;;;;;;;;;;;;;;;;;;;;;;;;;;;;;;;;;;;;;;;;;;;;;;
containing;ðev;;ðev;preposition;;;;;;;;;;;;;;;;;;;;;;;;;;;;;;;;;;;;;;;;;;;;;;;;;;;;;;;;;;;;;;;;;;;;;;;;;;;;;;;;;;
two;do;after noun: other, opposite;do;number;;dese;;dese;dosk;;dosk;;;;kèlà;;kela;grə;;grə;gra;;gra;;;;;;;;;;;;;;;;;;;;;;bbu;;bbu;busé;;buse;;;;;;;;;;;;;nöma;;nöma;;;;nia;;nia;fara;;fara;farə;;farə;ponu;;ponu;ponú;;ponú;;;
he;ðo;;ðo;pronoun;;;;;;;;;;;çùrò;;çuro;ʒur;;ʒur;ʝuro;;ʝuro;;;;;;;;;;;;;b´â;;b´â;;;;;;;;;;ka pákü;;ka pakü;;;;;;;;;;;;;;;;;;;a;;a;;;;;;;;;;;;;;;
him;ðo;;ðo;pronoun;;;;;;;;;;;çùròò;;çuroo;ʒəroi;;ʒəroi;ʝuros;;ʝuros;;;;;;;;;;;;;b´â;;b´â;;;;;;;;;;ka pákü;;ka pakü;;;;;;;;;;;;;;;;;;;a;;a;;;;;;;;;;;;;;;
she;ðo;;ðo;pronoun;;;;;;;;;;;çùrò;;çuro;ʒur;;ʒur;ʝuro;;ʝuro;;;;;;;;;;;;;b´â;;b´â;;;;;;;;;;ka pákü;;ka pakü;;;;;;;;;;;;;;;;;;;a;;a;;;;;;;;;;;;;;;
her;ðo;;ðo;pronoun;;;;;;;;;;;çùròò;;çuroo;ʒəroi;;ʒəroi;ʝuros;;ʝuros;;;;;;;;;;;;;b´â;;b´â;;;;;;;;;;ka pákü;;ka pakü;;;;;;;;;;;;;;;;;;;a;;a;;;;;;;;;;;;;;;
it;ðo;;ðo;pronoun;;;;;;;;;;;çádà;;çada;ʃa;;ʃa;çata ;;çata ;;;;;;;;;;;;;b´â;;b´â;;;;;;;;;;ka pákü;;ka pakü;;;;;;;;;;;;;;;;;;;a;;a;;;;;;;;;;;;;;;
it;ðo;;ðo;pronoun;;;;;;;;;;;çàbè;;çabe;ʒap;;ʒap;ʝabi ;;ʝabi ;;;;;;;;;;;;;b´â;;b´â;;;;;;;;;;ka pákü;;ka pakü;;;;;;;;;;;;;;;;;;;a;;a;;;;;;;;;;;;;;;
yes;ðobod;;ðobod;adverb;;;;;;;;;;;;;;;;;;;;;;;;;;yase;;yase;;;;;;;;;;;;;;;;;;;;;;;;;;;;;;;;;;;;;;;;ai;;ai;a;;a;;;;;;;;;
and;e;;e;conjunction;;;;;;;;;;;tólùm;;tolum;drəm;;drəm;drum;;drum;ton;;ton;to;;to;ton;;ton;;;;d´i;;d´i;;;;;;;;;;mo;;mo;;;;;;;;;;;;;;;;;;;;;;mo;;mo;mo;;mo;;;;;;;;;
to understand;econti;þepete verb;econti;verb;;;;;;;;;;;;;;;;;;;;;;;;;;;;;;;;;;;;;;;;;;;;koshúno;;košuno;;;;;;;;;;;;;;;;;;;;;;;;;;;;;;;;;;;;
text;ectinon;;ectinon;noun;;;;;;;;;;;;;;;;;;;;;;;;;;;;;;;;;;;;;;;;;;;;;;;;;;;;;;;;;;;;;;;;;;;;;;;;;;;;;;;;;;
building;edið;;edið;noun;;;;;;;;;;;;;;;;;;;;;;;;;;;;;;;;;;;;;;;;;;;;;;;;;;;;;;;;;;;;;;;;;;;;;;;;;;;;;;;;;;
evidence of;edva-;;edva-;;;;;;;;;;;;;;;;;;;;;;;;;;;;;;;;;;;;;;;;;;;;;;;;;;;;;;;;;;;;;;;;;;;;;;;;;;;;;;;;;;;
to write;elecri;;elecri;verb;;;;;;;;;;;;;;;;;;;;;;;;;;;;;;;;;;;;;;;;;;;;;;;;;;;;;;;;;;;;;;;;;;;;;;;;;;;;;;;;;;
to read;elejat;;elejat;verb;;;;;;;;;;;;;;;;;;;;;;;;;;;;;;;;;;;;;;;;;;;;;;;;;;;;;;;;;;;;;;;;;;;;;;;;;;;;;;;;;;
to want;emta;;emta;verb;;;;;;;;;;;;;;;;;;;;;;;;;;;;;;;;;;;;;;;;;;;;;;;;;;;;;;;;;;;;;;;;;;;;;;;;;;;;;;;;;;
to miss;enti;"can also be ""to want"" in archaic contexts";enti;verb;;;;;;;;;;;;;;;;;;;;;;;;;;;;;;;;;;;;;;;;;;;;;;;;;;;;;;;;;;;;;;;;;;;;;;;;;;;;;;;;;;
to pass;epaz;þepete verb;epaz;verb;;;;;;;;;;;;;;;;;;;;;;;;;;;;;;;;;;;;;;;;;;;;;;;;;;;;;;;;;;;;;;;;;;;;;;;;;;;;;;;;;;
hello;era;;era;interjection;;;;;;;;;;;;;;;;;;;;groxme;;groxme;goixmo;;goixmo;groxmo;;groxmo;;;;b´li;;b´li;;;;sämsjâ;;sämsjâ;;;;;;;;;;;;;;;;;;;;;;;;;;;;;;;;;;;;;;;;;;
squirrel;escal;;escal;noun;;;;;;;;;;;;;;;;;;;;;;;;;;;;;θukʃata;;θukʃata;;;;;;;sämácjezja;;sämâcjezja;;;;;;;;;;;;;;;;;;;;;;;;;;;;;;;;;;;;;;;;;;
to start;estar;;estar;verb;;;;;;;;;;;;;;;;;;;;;;;;;;;;;;;;;;;;;;;;;;;;;;;;;;;;;;;;;;;;;;;;;;;;;;;;;;;;;;;;;;
to end;eterm;þepete verb;eterm;verb;;;;;;;;;;;;;;;;;;;;;;;;;;;;;;;;;;;;;;;;;;;;;;;;;;;;;;;;;;;;;;;;;;;;;;;;;;;;;;;;;;
to finish;eterm;þepete verb;eterm;verb;;;;;;;;;;;;;;;;;;;;;;;;;;;;;;;;;;;;;;;;;;;;;;;;;;;;;;;;;;;;;;;;;;;;;;;;;;;;;;;;;;
to terminate;eterm;þepete verb;eterm;verb;;;;;;;;;;;;;;;;;;;;;;;;;;;;;;;;;;;;;;;;;;;;;;;;;;;;;;;;;;;;;;;;;;;;;;;;;;;;;;;;;;
to have to ;etidið;þepete verb;etidið;verb;;;;;;;;;;;;;;;;;;;;;;;;;;;;;;;;;;;;;;;;;;;;nobügo;;nobügo;;;;;;;;;;;;;;;;;;;;;;;;;;;;;;;;;;;;
edge;evja;;evja;noun;;;;;;;;;;;;;;;;;;;;;;;;;;;;;;;;;;;;;;;;;;;;;;;;;;;;;;;;;;;;;;;;;;;;;;;;;;;;;;;;;;
to speak;evla;;evla;verb;;;;;;;;;;;èègélìbà;;eegeliba;;;;eskrubat;;eskrubat;;;;;;;;;;;;;;;;opetfis;;opetfis;;;;;;;;;;;;;;;;;;;;;;;;;;;;;;;;;;;;;;;;;;;;;
valley;fale;;fale;noun;;;;;;;;;;;;;;;;;;;;;;;;;;;;;;;;;;;;;;;;;;;;;;;;;;;;;;;;;;;;;;;;;;;;smaçu;;smaçu;snaçy;;snaçy;wanoka;;wanoka;vonká;;vonká;;;
animal;fanu;;fanu;noun;;;;;;;;;;;;;;;;;;;;;;;;;;;;;;;;;;;;;;;;;;;;;;;;;;;;;;;;;;;;;;;;;;;;tjuno;;tjuno;tʝyno;;tʝyno;;;;;;;;;
sentence;frase;;frase;noun;;;;;;;;;;;;;;;;;;;;;;;;;;;;;;;;;;;;;;;;;;;;;;;;;;;;;;;;;;;;;;;;;;;;;;;;;;;;;;;;;;
at;ga;;ga;preposition;;;;;;;;;;;kà;;ka;;;;ga;;ga;;;;;;;;;;;;;;;;;;;;;;;;;;;;;;;;;;;;;;;;;;;;;;;;;;;;;;;;;;;;;;;
that;gatðo;;gatðo;pronoun;;;;;;;;;;;;;;;;;;;;;;;;;;;;;;;;;;;;;;;;;;;;;;;;;;;;;;;;;;;;;;;;;;;;;;;;;;;;;;;;;;
there;gatla;note: don't ad la- or te- to this noun;gatla;pronoun;;;;;;;;;;;;;;;;;;;;;;;;;;;;;;;;;;;;;;;;;;;;;;;;;;;;;;;;;;;;;;;;;;;;;;;;;;;;;;;;;;
park;gepña;;gepña;noun;;;;;;;;;;;;;;;;;;;;;;;;;;;;;;;;;;;;;;;;;;;;;;;;;;;;;;;;;;;;;;;;;;;;;;;;;;;;;;;;;;
then;han;;han;pronoun;;;;;;;;;;;òrõnò;;orõno;;;;orore;;orore;;;;;;;;;;;;;;;;;;;;;;;;;;;;;;;;;;;;;;;;;;;;;;;;;;;;;;;;;;;;;;;
potter's;hejata;;hejata;noun;;;;;;;;;;;;;;;;;;;;;;;;;;;;;;;;;;;;;;;;;;;;;;;;;;;;;;;;;;;;;;;;;;;;;;;;;;;;;;;;;;
grocer's;hepisa;;hepisa;noun;;;;;;;;;;;;;;;;;;;;;;;;;;;;;;;;;;;;;;;;;;;;;;;;;;;;;;;;;;;;;;;;;;;;;;;;;;;;;;;;;;
grocery store;hepisa;;hepisa;noun;;;;;;;;;;;;;;;;;;;;;;;;;;;;;;;;;;;;;;;;;;;;;;;;;;;;;;;;;;;;;;;;;;;;;;;;;;;;;;;;;;
to have;hove;;hove;verb;;;;;;;;;;;çúrùbà;;çuruba;xərub;;xərub;xurubat;;xurubat;;;;;;;;;;;;;;;;;;;;;;;;;moduyé;;moduye;;;;;;;;;;;;;;;;;;;;;;;;;;;;govo;;govo;góavo;;góavo;;;
to walk;icalej;þepete verb;icalej;verb;;;;;;;;;;;çábèʝá;;çabeʝa;;;;çabeçat;;çabeçat;;;;;;;;;;p'emʔwapjum;;p'emʔwapjum;g´lide;;g´lide;;;;;;;;;;;;;;;;;;;;;;patavu;;patavu;;;;;;;;;;;;;;;;;;;;;;;;
to hike;icalej;þepete verb;icalej;verb;;;;;;;;;;;;;;;;;;;;;;;;;;;;;;;;;;;;;;;;;;;;;;;;;;;;;;;;;;;;;;;;;;;;;;;;;;;;;;;;;;
eight;ilea;;ilea;number;;yle;;yle;ylaiæ;;ylaiæ;;;;tînà kólòò;;tîna koloo;;;;tina gros;;tina gros;;;;;;;;;;;;;;;;;;;;;;;;;;;;;;;;;;;;;;;;;;;;;;;;;;;;;;;;;;;;;;;
grass;ili;;ili;noun;;;;;;;;;;;;;;;;;;;;;;;;;;;;;;;;;;;;;;;;;;;;;;;;;;;;;;;;;;;;;;;;;;;;;;;;;;;;;;;;;;
countryside;ililia;;ililia;noun;;;;;;;;;;;;;;;;;;;;lèrs;;lèrs;lēo;;lēo;léres;;léres;;;;;;;;;;;;;;;;;;;;;;;;;;;;;;;;;;;;;;;;;;;;;;;;;;;;;;
fields;ililia;;ililia;noun;;;;;;;;;;;ìrìrè;;irire;;;;irire;;irire;;;;;;;;;;;;;;;;;;;;;;;;;;;;;;;;;;;;;;;;;;;;;;;;;ɟenø;;ɟenø;ɟenø;;ɟenø;;;;;;;;;
information;inlematic;;inlematic;noun;;;;;;;;;;;;;;;;;;;;;;;;;;;;;;;;;;;;;;;;;;;;;;;;;;;;;;;;;;;;;;;;;;;;;;;;;;;;;;;;;;
;iz;conditional voice construction;iz;plavestafras;;;;;;;;;;;;;;;;;;;;;;;;;;;;;;;;;;;;;;;;;;;;;;;;;;;;;;;;;;;;;;;;;;;;;;;;;;;;;;;;;;
lake;jaði;;jaði;noun;;;;;;;;;;;jûnù;;jûnu;;;;junu;;junu;mèš;;mèš;mikeu;;mikeu;mékeh;;mékeh;;;;;;;;;;;;;;;;;;;;;;;;;;;;;;;;;;;;;;;;pfon;;pfon;pson;;pson;;;;;;;;;
jar;jata;;jata;noun;;;;;;;;;;;;;;;;;;;;;;;;;;;;;;;;;;;;;;;;;;;;;;;;;;;;;;;;;;;;;;;;;;;;;;;;;;;;;;;;;;
dish;jata;;jata;noun;;;;;;;;;;;;;;;;;;;;;;;;;;;;;;;;;;;;;;;;;;;;;;;;;;;;;;;;;;;;;;;;;;;;;;;;;;;;;;;;;;
line;lin;;lin;noun;;;;;;;;;;;;;;;;;;;;;;;;;;;;;;;;;;;;;;;;;;;;;;;;;;;;;;;;;;;;;;;;;;;;;;;;;;;;;;;;;;
light;lize;;lize;noun;;;;;;;;;;;;;;;;;;;;;;;;;;;;;;;;;;;;;;;;;;;;ta öwisú;go yazhiká;ta öwisu;;;;;;;;;;;;;;;;;;;;;;fibi;;fibi;fide;;fide;;;;;;;;;
I;ma;;ma;pronoun;;;;;;;;dya;prefixed like any noun, depending on gender of speaker;dya;mà;;ma;mə;;mə;ma;;ma;;;;;;;;;;;;;gi;;gi;;;;;;;;;;tu öwá;;tu öwa;;;;;;;;;;;;;;;;;;;øvi;;øvi;;;;;;;va;;va;vá;;vá;;;
me;ma;;ma;pronoun;;;;;;;;fedya;prefixed like any noun, depending on gender of speaker;fedya;màà;;maa;mai;;mai;mas;;mas;;;;;;;;;;;;;;;;;;;;;;;;;tu öwá;;tu öwa;;;;;;;;;;;;;;;;;;;ovi;;ovi;;;;;;;va;;va;vá;;vá;;;
computer;majclo;;majclo;noun;;;;;;;;;;;;;;;;;;;;;;;;;;;;;;;;;;;;;;;;;;;;;;;;;;;;;;;;;;;;;;;;;;;;;;;;;;;;;;;;;;
metre;meter;;meter;noun;;;;;;;;;;;;;;;;;;;;;;;;;;;;;;;;;;;;;;;;;;;;;;;;;;;;;;;;;;;;;;;;;;;;;;;;;;;;;;;;;;
module;module;;module;noun;;;;;;;;;;;;;;;;;;;;;;;;;;;;;;;;;;;;;;;;;;;;;;;;;;;;;;;;;;;;;;;;;;;;;;;;;;;;;;;;;;
to move;move;;move;verb;;;;;;;;;;;;;;;;;;;;;;;;;;;;;;;;;;;;;;;;;;;;;;;;;;;;;;;;;;;;;;;;;;;;;;;;;;;;;;;;;;
;na;negative voice construction;na;plavestafras;;;;;;;;;;;;;;;;;;;;;;;;;;;;;;;;;;;;;;;;;;;;;;;;;;;;;;;;;;;;;;;;;;;;;;;;;;;;;;;;;;
name;nað;;nað;noun;;;;;;;;vatyu;;vatyu;çélàmèdé;inanimate, -;çelamede;xramt;inanimate, -;xramt;xramte ;inanimate;xramte ;kèx;;kèx;keu;;keu;kéx;;kéx;;;;;;;;;;gjëpy;;gjëpy;nebbé;solar or lunar, depending on the person in question;nebbé;ka ömísu;go yazhiká;ka ömisu;;;;;;;;;;;;;;;;;;;;;;;;;;;;;;;;;;;;
dry;nata;;nata;adjective;;;;;;;;;;;péʒálà;;peʒala;pəʒal;;pəʒal;peʃala;;peʃala;;;;;;;;;;;;;;;;;;;;;;;;;;;;;;;;;;;;;;;;;;;;;;;;;;;;;;;;;;;;;;;
;ne-;opposite / negative prefix;ne-;;;;;;;;;;;;;;;;;;;;;;;;;;;;;;;;;;;;;;;;;;;;;;;;;;;;;;;;;;;;;;;;;;;;;;;;;;;;;;;;;;;
;he-;shop that sells-;he-;;;;;;;;;;;;;;;;;;;;;;;;;;;;;;;;;;;;;;;;;;;;;;;;;;;;;;;;;;;;;;;;;;;;;;;;;;;;;;;;;;;
no;nobod;;nobod;interjection;;;;;;;;;;;;;;;;;;;;kas;;kas;kāe;;kāe;kase;;kase;;;;;;;;;;;;;;;;newá;irregular verb;newa;;;;;;;;;;;;;;;;;;;;;;mu;;mu;mu;;mu;;;;;;;;;
organised group;ñome;;ñome;noun;;;;;;;;;;;kólòzódò;;kolozodo;groi;;groi;grosto;;grosto;šaxme;;šaxme;;;;šaxme;;šaxme;;;;;;;;;;;;;;;;;;;;;;;;;;;;;;;;;;;;;;;;;;;;;;;;;;;;;;
noun;nonuatle;;nonuatle;noun;;;;;;;;;;;;;;;;;;;;;;;;;;;;;;;;;;;;;;;;;;;;;;;;;;;;;;;;;;;;;;;;;;;;;;;;;;;;;;;;;;
nine;nuðat;;nuðat;number;;vnuva;;vnuva;bvnuvad;;bvnuvad;;;;sèrà kólòò;;sera koloo;;;;zera gros;;zera gros;;;;;;;;;;;;;;;;;;;;;;;;;;;;;;;;;;;;;;;;;;;;;;;;;;;;;;;;;;;;;;;
number;nuñe;;nuñe;noun;;;;;;;;;;;;;;;;;;;;;;;;;;;;;;;;;;;;;;;;;;;;;;;;;;;;;;;;;;;;;;;;;;;;;;;;;;;;;;;;;;
object;objecto;;objecto;noun;;;;;;;;;;;;;;;;;;;;;;;;;;;;;;;;;;;;;;;;;;;;;;;;;;;;;;;;;;;;;;;;;;;;;;;;;;;;;;;;;;
okay;oce;;oce;interjection;;;;;;;;;;;;;;;;;;;;;;;;;;;;;;;;;;;;;;;;;;;;;;;;;;;;;;;;;;;;;;;;;;;;;;;;;;;;;;;;;;
to eat;ofe;;ofe;verb;;to;imperfect -ebe;to;topfə;;topfə;dyilti;short;dyilti;;;;;;;;;;brox;;brox;boge;;boge;broge;;broge;;;;;;;;;;;;;;;;;;;;;;;;;;;;wepalu;;wepalu;;;;;;;çølakval;;çølakval;;;;;;;;;;;;;;;
one;on;;on;number;;ose;;ose;õsd;;õsd;;;;pà;;pa;;;;ba;;ba;;;;;;;;;;;;;;;;;;;;;;zesh;;zesh;posú;;posu;;;;;;;;;;;;;besa;;besa;;;;tsa;;tsa;nu;;nu;nu;;nu;biki;;biki;vújaʃu;;vújaʃu;;;
ten;on sba;;on sba;number;;;;;;;;;;;kèlàgélèè;;kelagelee;;;;gragros;;gragros;;;;;;;;;;;;;;;;;;;;;;;;;;;;;;;;;;;;;;;;;;;;;;;;;;;;;;;;;;;;;;;
on;ot;;ot;preposition;;;;;;;;;;;;;;;;;;;;;;;;;;;;;;;;;;;;;;;;;;;;shi;;ši;;;;;;;;;;;;;;;;;;;;;;;;;;;;;;;;;;;;
to be;ote;irregular: conjugated as od in absolute;ote;verb;0;;;;;;;tyin;;tyin;;;;;;;;;;penin;;penin;bēi;;bēi;benin;;benin;;;;;;;pin;;pin;;;;;;;ogó;irregular;ogo;;;;;;;;;;;;;;;;;;;;;;;;;;;;;;;;;;ser;être;
long;pava;;pava;adjective;;;;;;;;;;;;;;;;;;;;;;;;;;;;;;;;;;;;;;sjymga ;;sjymga ;;;;;;;;;;;;;;;;;;;;;;;;;;;;;;;;;;;;;;;;;;
house;paza;;paza;noun;;pa;oblique, dative -e;pa;pazæ;;pazæ;;;;;;;;;;;;;;;;;;;;;;;;;;;;;;;pätegjë;;pätegjë;;;;;;;;;;;;;;;;;;;;;;;;;;;;;;;;;;;;;;;;;;
food;pisa;;pisa;noun;;;;;;;;;;;;;;;;;;;;;;;;;;;;;;;;;;;;;;;;;;;;;;;;;;;;;;;;;;;;;;;;;abaezu;;abaezu;;;;;;;;;;;;;;;
;plavestafras;word that begins sentences, ex: are, po, so, iz, na;plavestafras;noun;;;;;;;;;;;;;;;;;;;;;;;;;;;;;;;;;;;;;;;;;;;;;;;;;;;;;;;;;;;;;;;;;;;;;;;;;;;;;;;;;;
word;plavet;;plavet;noun;;;;;;;;;;;;;;;;;;;;;;;;;;;;;;;;;;;;;;;;;;;;;;;;;;;;;;;;;;;;;;;;;;;;;;;;;;;;;;;;;;
place;plimo;;plimo;noun;;;;;;;;;;;;;;;;;;;;;;;;;;;;;;;;;;;;;;;;;;;;si somóne;go yazhiká;si somone;;;;;;;;;;;;;;;;;;;;;;;;;;;;;;;;;;;;
;po;definitive voice construction, optional;po;plavestafras;;;;;;;;;;;;;;;;;;;;;;;;;;;;;;;;;;;;;;;;;;;;;;;;;;;;;;;;;;;;;;;;;;;;;;;;;;;;;;;;;;
seven;post;;post;number;;;;;posəd;;posəd;;;;kèlà kólòò;;kela koloo;;;;gra gros;;gra gros;;;;;;;;;;;;;;;;;;;;;;;;;;;;;;;;;;;;;;;;;;;;;;;;;;;;;;;;;;;;;;;
point;put;;put;noun;;;;;;;;;;;;;;;;;;;;;;;;;;;;;;;;;;;;;;;;;;;;;;;;;;;;;;;;;;;;;;;;;;;;;;;;;;;;;;;;;;
road;raco;;raco;noun;;;;;;;;;;;;;;;;;;;;;;;;;;;;;;;;;;;;;;;;;;;;;;;;;;;;;;;;;;;;;;;;;;;;;;;;;;;;;;;;;;
rapidly;rapi;;rapi;adverb;;;;;;;;;;;;;;;;;;;;;;;;;;;;;;;;;;;;;;;;;;;;;;;;;;;;;;;;lapalezi;;lapalezi;;;;;;;;;;;;;;;;;;;;;;;;
we;ri;;ri;pronoun;;;;;;;;;;;tó;;to;;;;to;;to;;;;;;;;;;;;;t´ol;;t´ol;;;;;;;;;;tu öwá;;tu öwa;;;;;;;;;;;;;;;;;;;domy;;domy;;;;;;;;;;;;;;;
us;ri;;ri;pronoun;;;;;;;;;;;tó;;to;;;;to;;to;;;;;;;;;;;;;t´ol;;t´ol;;;;;;;;;;tu öwá;;tu öwa;;;;;;;;;;;;;;;;;;;domy;;domy;;;;;;;;;;;;;;;
river;rivlé;;rivle;noun;;;;;;;;šoghu;;šoghu;rìwèrè;;riwere;;;;rivre;;rivre;;;;iflo;;iflo;floš;;floš;;;;;;;;;;tämcjegjë;;tämcjegjë;támzhezgö;underwater;támzhezgö;;;;;;;;;;tri;;tri;;;;;;;;;;;;;çuço;;çuço;çyçø;;çyçø;kiʃaçe;;kiʃaçe;ʃuiʒáço;;ʃuiʒáço;;;
;se-;experienced in (noun);se-;;;;;;;;;;;;;;;;;;;;;;;;;;;;;;;;;;;;;;;;;;;;;;;;;;;;;;;;;;;;;;;;;;;;;;;;;;;;;;;;;;;
five;seb;;seb;number;;;;;sisbən;;sisbən;;;;kólòò;;koloo;;;;gros;;gros;;;;;;;;;;;;;;;;;;;;;;;;;;;;;;;;;;;;;;;;;;;;;;;;;;;;;;;semisi;;semisi;soemújasu;;soemújasu;;;
learning;sececlo;(adjective);sececlo;adjective;;;;;;;;;;;;;;;;;;;;;;;;;;;;;;;;;;;;;;;;;;;;;;;;;;;;;;;;;;;;;;;;;;;;;;;;;;;;;;;;;;
six;siz;;siz;number;;;;;skydzən;;skydzən;;;;pà kólòò;;pa koloo;;;;ba gros;;ba gros;;;;;;;;;;;;;;;;;;;;;;;;;;;;;;;;;;;;;;;;;;;;;;;;;;;;;;;;;;;;;;;
;so;question voice construction;so;plavestafras;;;;;;;;;;;;;;;;;;;;;;;;;;;;;;;;;;;;;;;;;;;;;;;;;;;;;;;;;;;;;;;;;;;;;;;;;;;;;;;;;;
subject;subjeto;;subjeto;noun;;;;;;;;;;;;;;;;;;;;;;;;;;;;;;;;;;;;;;;;;;;;;;;;;;;;;;;;;;;;;;;;;;;;;;;;;;;;;;;;;;
tea;te;;te;noun;;;;;;;;;;;;;;təʒ;;təʒ;;;;;;;;;;;;;;;;;;;;;;;;;;;;;;;;;;;;;;;;;;;;;;;;;;;;;;;;;;;;;;;;;;
bad;temi;;temi;adjective;;;;;;;;;;;pèpélà;irregular invariant form;pepela;brə;irregular invariant form;brə;bra;irregular invariant form;bra;;;;;;;;;;;;;;;;;;;;;;;;;;;;;;;;;;;;;;;;;;;;;;;;;;;;;;;;;;;;;;;
steppe;teps;;teps;noun;;;;;;;;;;;;;;;;;;;;;;;;;;;;;;;;;;;;;;;;;;;;;;;;;;;;;;;;;;;;;;;;;;;;;;;;;;;;;;;;;;
three;tes;;tes;number;;;;;taisə;;taisə;;;;tînà;;tîna;;;;tina;;tina;;;;;;;;;;;;;;;;;;;;;;;;;;;;;;;;;;;;;;;;;;;;;;bœga;;bœga;;;;;;;teʒa;;teʒa;sáʒ;;sáʒ;;;
little;ti-;;ti-;;;;;;;;;;;;;;;;;;;;;;;;;;;;;;;;;;;;;;;;;;;;;;;;;;;;;;;;;;;;;;;;;;;;;;;;;;;;;;;;;;;
tram;titrena;;titrena;noun;;;;;;;;;;;;;;;;;;;;;;;;;;;;;;;;;;;;;;;;;;;;;;;;;;;;;;;;;;;;;;;;;;;;;;;;;;;;;;;;;;
tower;tor;;tor;noun;;;;;;;;;;;;;;xəmar;inanimate, -;xəmar;ximare;;ximare;;;;;;;;;;;;;;;;;;;;;;;;;;;;;;;;;;;;;;;;;;;;;;;;;;;;;;;;;;;;;;;
university;tordo;;tordo;noun;;;;;;;;;;;;;;;;;;;;;;;;;;;;;;;;;;;;;;;;;;;;ki tódo;go numúge;ki todo;;;;;;;;;;;;;;;;;;;;;;;;;;;;;;;;;;;;
railway station;toron;;toron;noun;;;;;;;;;;;;;;;;;;;;;;;;;;;;;;;;;;;;;;;;;;;;;;;;;;;;;;;;;;;;;;;;;;;;;;;;;;;;;;;;;;
train station;toron;;toron;noun;;;;;;;;;;;;;;;;;;;;;;;;;;;;;;;;;;;;;;;;;;;;;;;;;;;;;;;;;;;;;;;;;;;;;;;;;;;;;;;;;;
auditorium;tortes;;tortes;noun;;;;;;;;;;;;;;;;;;;;;;;;;;;;;;;;;;;;;;;;;;;;;;;;;;;;;;;;;;;;;;;;;;;;;;;;;;;;;;;;;;
;tre-;very (adjectives), entire (nouns);tre-;;;;;;;;;;;;;;;;;;;;;;;;;;;;;;;;;;;;;;;;;;;;;;;;;;;;;;;;;;;;;;;;;;;;;;;;;;;;;;;;;;;
train;trena;;trena;noun;;;;;;;;;;;;;;;;;;;;;;;;;;;;;;;;;;;;;;;;;;;;;;;;;;;;;;;;;;;;;;;;;;;;;;;;;;;;;;;;;;
;tu;start substatement;tu;preposition;;;;;;;;;;;;;;;;;;;;;;;;;;;;;;;;;;;;;;;;;;;;;;;;;;;;;;;;;;;;;;;;;;;;;;;;;;;;;;;;;;
to be able to;uedið;;uedið;verb;;;;;;;;;;;;;;;;;;;;;;;;;;;;;;;;;;;;;;;;;;;;;;;;;;;;;;;;;;;;;;;;;;;;;;;;;;;;;;;;;;
;umdja;used in questions of «how many»;umdja;pronoun;;;;;;;;;;;;;;;;;;;;;;;;;;;;;;;;;;;;;;;;;;;;;;;;;;;;;;;;;;;;;;;;;;;;;;;;;;;;;;;;;;
;ut;end substatement;ut;preposition;;;;;;;;;;;;;;;;;;;;;;;;;;;;;;;;;;;;;;;;;;;;;;;;;;;;;;;;;;;;;;;;;;;;;;;;;;;;;;;;;;
to go;uzeþ;irregular: drops eþ in absolute forms;uzeþ;verb;;;;;;;;;;;;;;;;;;;;falave;;falave;;;;falavat;;falavat;;;;;;;;;;fejuro;irregular;fejuro;;;;bímü;irregular;bimü;;;;;;;;;;dami;"includes the ""to""";dami;;;;;;;;;;;;;;;;kevake;;kevake;ʃoeváʃo;;ʃoeváʃo;;;
you;va;(singular);va;pronoun;;;;;;;;folkhe;prefixed like any noun, depending on gender of speaker;folkhe;tó;;to;tə;;tə;to;;to;;;;;;;;;;;;;t´u;;t´u;;;;;;;;;;tu shósho;;tu šošo;;;;;;;;;;;;;;;;;;;ylme;;ylme;;;;;;;;;;;;;;;
trail;vaðe;;vaðe;noun;;;;;;;;;;;;;;;;;;;;;;;;;;;;;;;;;;;;;;;;;;;;;;;;;;;;;;;;;;;;;;;;;;;;;;;;;;;;;;;;;;
east;vata;;vata;noun;;;;;;;;;;;kólù;;kolu;;;;gru;;gru;solle;;solle;isōiflo;;isōiflo;solflo;;solflo;;;;;;;;;;;;;;;;kemízu;;kemizu;;;;;;;;;;ge;;ge;;;;;;;;;;çøbi;;çøbi;çøde;;çøde;kevaçe;;kevaçe;ʃoeváço;;ʃoeváço;;;
to the east;vata;;vata;adjective;;;;;;;;;;;;;;;;;;;;;;;;;;;;;;;;;;;;;;;;;;;;;;;;;;;;;;;;;;;;;;;;;;;;;;;;;;;;;;;;;;
to;ve;;ve;preposition;;;;;;;;;;;;;;;;;;;;;;;;;;;;;;;;;;;;;;cy;;cy;;;;shinó;;šino;;;;;;;;;;;;;;;;;;;;;;;;;;;;;;;;;;;;
south;veci;;veci;noun;;;;;;;;;;;à;;a;;;;fa;;fa;mèr;h-verb;mèr;mēeu;;mēeu;méreh;;méreh;;;;;;;;;;;;;;;;özhú;;öžu;;;;;;;mefuuu;;mefuuu;yo;;yo;;;;;;;;;;nøbi;;nøbi;nøde;;nøde;sitaçe;;sitaçe;suizáço;;suizáço;;;
to the south;veci;;veci;adjective;;;;;;;;;;;;;;;;;;;;;;;;;;;;;;;;;;;;;;;;;;;;;;;;;;;;;;;;;;;;;;;;;;;;;;;;;;;;;;;;;;
west;vegre;;vegre;noun;;;;;;;;;;;lò;;lo;;;;lo;;lo;;;;;;;;;;;;;;;;;;;;;;;;;yashí;;yaši;;;;;;;;;;pa;;pa;;;;;;;;;;cybi;;cybi;cyde;;cyde;akeviçe;;akeviçe;aʃoevújaço;;aʃoevújaço;;;
to the west;vegre;;vegre;adjective;;;;;;;;;;;;;;;;;;;;;;;;;;;;;;;;;;;;;;;;;;;;;;;;;;;;;;;;;;;;;;;;;;;;;;;;;;;;;;;;;;
north;vewiþ;;vewiþ;noun;;;;;;;;;;;sá;;sa;;;;sa;;sa;naxov;;naxov;naixoi;;naixoi;naxov;;naxov;;;;;;;;;;;;;;;;bísu;;bisu;;;;;;;biisa;;biisa;bi;;bi;;;;;;;;;;mobi;;mobi;mode;;mode;poçuço;;poçuço;poʝúaço;;poʝúaço;;;
to the north;vewiþ;;vewiþ;adjective;;;;;;;;;;;;;;;;;;;;naxov;;naxov;naixoi;;naixoi;naxov;;naxov;;;;;;;;;;;;;;;;;;;;;;;;;;;;;;;;;;;;;;;;;;;;;;;;;;;;;;
who;vi;(as subject);vi;pronoun;;;;;;;;;;;;;;;;;;;;;;;;;;;;;;;;;;;;;;;;;;;;;;;;;;;;;;;;;;;;;;;;;;;;;;;;;;;;;;;;;;
what ;vi;(as subject);vi;pronoun;;;;;;;;;;;;;;;;;;;;;;;;;;;;;;;;;;;;;;;;;;;;ko wíza;;ko wiza;;;;;;;;;;;;;;;;;;;;;;;;;;;;;;;;;;;;
apartment;vilt;;vilt;noun;;;;;;;;;;;;;;;;;;;;;;;;;;;;;;;;;;;;;;;;;;;;;;;;;;;;;;;;;;;;;;;;;;;;;;;;;;;;;;;;;;
flower;vlor;;vlor;noun;;;;;;;;;;;;;;;;;;;;;;;;;;;;;;;;;;;;;;;;;;;;;;;;;;;;;;;;;;;;;;;;;;;;;;;;;;;;;;;;;;
conversation;vocðe;;vocðe;noun;;;;;;;;;;;;;;;;;;;;;;;;;;;;;;;;;;;;;;;;;;;;;;;;;;;;;;;;;;;;;;;;;;;;;;;;;;;;;;;;;;
vowel;voce;;voce;noun;;;;;;;;;;;;;;;;;;;;;;;;;;;;;;;;;;;;;;;;;;;;;;;;;;;;;;;;;;;;;;;;;;;;;;;;;;;;;;;;;;
mountain;wiþada;;wiþada;noun;;wȳda;dative -de;wȳda;ʍytsædæ;;ʍytsædæ;khodyi;;khodyi;çáádè;;çaade;;;;çakte;;çakte;xov;;xov;ixoivo;;ixoivo;xoves;;xoves;;;;;;;;;;cjàgjë;;cjagjë;tenzga;underground;tenzga;;;;;;;;;;;;;walena;;walena;;;;;;;;;;tibun;;tibun;tidun;;tidun;;;;;;;;;
zero;zeþuz;;zeþuz;number;;;;;;;;;;;;;;;;;;;;;;;;;;;;;;;;;;;;;;;;;;;;;;;;;;;;;;;;;;;;;;;;;;;;;;;;;;;;;;;;;;
here;þjedo;note: don't ad la- or te- to this noun;þjedo;pronoun;;;;;;;;;;;ʃàhá;inanimate, -;ʃaha;ʒā;inanimate, -;ʒā;ʒaha;inanimate;ʒaha;;;;;;;;;;;;;;;;;;;;;;;;;;;;;;;;;;;;;;;;;;;;;;;;;;;;;;;;;;;;;;;
this;þjeðo;;þjeðo;pronoun;;;;;;;;;;;;;;;;;;;;;;;;;;;;;;;;;;;;;;;;;;;;;;;;;;;;;;;;;;;;;;;;;;;;;;;;;;;;;;;;;;
people;þmangte;;þmangte;noun;;;;;;;;;;;;;;;;;;;;;;;;;;;;;;;;;;;;;;;;;;;;;;;;;;;;;fnamaa;no singular form;fnamaa;;;;;;;;;;;;;çymto;;çymto;çynto;;çynto;;;;;;;;;
bed;jaña;;jaña;noun;;;;;;;;;;;;;;;;;;;;;;;;;;;;;;;;;;;;;;;;;;;;ö kishonáse;go yazhiká;ö kišonase;;;;;;;;;;;;;;;;;;;;;;;;;;;;;;;;;;;;
chair;sivli;;sivli;noun;;;;;;;;;;;;;;;;;;;;;;;;;;;;;;;;;;;;;;;;;;;;;;;;;;;;;;;;;;;;;;;;;;;;;;;;;;;;;;;;;;
table;trusi;;trusi;noun;;;;;;;;;;;;;;;;;;;;;;;;;;;;;;;;;;;;;;;;;;;;;;;;;;;;;;;;;;;;;;;;;;;;;;;;;;;;;;;;;;
wardrobe;wanþi;;wanþi;noun;;;;;;;;;;;;;;;;;;;;;;;;;;;;;;;;;;;;;;;;;;;;;;;;;;;;;;;;;;;;;;;;;;;;;;;;;;;;;;;;;;
closet;wanþi;;wanþi;noun;;;;;;;;;;;;;;;;;;;;;;;;;;;;;;;;;;;;;;;;;;;;;;;;;;;;;;;;;;;;;;;;;;;;;;;;;;;;;;;;;;
endtable;titrusi;;titrusi;noun;;;;;;;;;;;;;;;;;;;;;;;;;;;;;;;;;;;;;;;;;;;;;;;;;;;;;;;;;;;;;;;;;;;;;;;;;;;;;;;;;;
question;delañate;;delañate;noun;;;;;;;;;;;;;;;;;;;;;;;;;;;;;;;;;;;;;;;;;;;;;;;;;;;;;;;;;;;;;;;;;;;;;;;;;;;;;;;;;;
decision;decið;;decið;noun;;;;;;;;;;;;;;;;;;;;;;;;;;;;;;;;;;;;;;;;;;;;;;;;;;;;;;;;;;;;;;;;;;;;;;;;;;;;;;;;;;
little;tini;;tini;adjective;;;;;;;;;;;;;;;;;;;;;;;;;;;;;;;;;;;;;;;;;;;;;;;;;;;;;;;;;;;;;;;;;;;;çofemi;;çofemi;çøsene;;çøsene;;;;;;;;;
language;aðmant;;aðmant;noun;;;;;;;;;;;;;;;;;;;;;;;;;;;;;;;;;;;;;;;;;;;;;;;;;;;;;;;;;;;;;;;;;;;;;;;;;;;;;;;;;;
made;hocabevlat;;hocabevlat;noun;;;;;;;;;;;;;;;;;;;;;;;;;;;;;;;;;;;;;;;;;;;;;;;;;;;;;;;;;;;;;;;;;;;;;;;;;;;;;;;;;;
to call;anað;;anað;verb;;;;;;;;;;;;;;;;;;;;;;;;;;;;;;;;djaba;;djaba;;;;;;;tonpéshó;;tonpéshó;;;;;;;;;;;;;;;;;;;;;;;;;;;;;;;;;;;;;;;
which;viju;;viju;pronoun;;;;;;;;;;;;;;;;;;;;;;;;;;;;;;;;;;;;;;;;;;;;;;;;;;;;;;;;;;;;;;;;;;;;;;;;;;;;;;;;;;
whose;aviad;;aviad;pronoun;;;;;;;;;;;;;;;;;;;;;;;;;;;;;;;;;;;;;;;;;;;;;;;;;;;;;;;;;;;;;;;;;;;;;;;;;;;;;;;;;;
1;ðobodgi;;ðobodgi;adjective;;;;;;;;;;;;;;;;;;;;;;;;;;;;;;;;;;;;;;;;;;;;;;;;;;;;;;;;;;;;;;;;;;;;;;;;;;;;;;;;;;
0;nobodgi;;nobodgi;adjective;;;;;;;;;;;;;;;;;;;;;;;;;;;;;;;;;;;;;;;;;;;;;;;;;;;;;;;;;;;;;;;;;;;;;;;;;;;;;;;;;;
sound;fuli;;fuli;noun;;;;;;;;;;;;;;;;;;;;;;;;;;;;;;;;;;;;;;;;;;;;;;;;;;;;;;;;;;;;;;;;;;;;;;;;;;;;;;;;;;
noise;fuli;;fuli;noun;;;;;;;;;;;;;;;;;;;;;;;;;;;;;;;;;;;;;;;;;;;;;;;;;;;;;;;;;;;;;;;;;;;;;;;;;;;;;;;;;;
phoneme;fuljaðmant;;fuljaðmant;noun;;;;;;;;;;;;;;;;;;;;;;;;;;;;;;;;;;;;;;;;;;;;;;;;;;;;;;;;;;;;;;;;;;;;;;;;;;;;;;;;;;
to build;atedið;;atedið;verb;;;;;;;;;;;;;;;;;;;;;;;;;;;;;;;;;;;;;;;;;;;;;;;;;;;;;;;;;;;;;;;;;;;;;;;;;;;;;;;;;;
constructed;hocatedið;;hocatedið;adjective;;;;;;;;;;;;;;;;;;;;;;;;;;;;;;;;;;;;;;;;;;;;;;;;;;;;;;;;;;;;;;;;;;;;;;;;;;;;;;;;;;
grammar;plavetiñe;;plavetiñe;noun;;;;;;;;;;;;;;;;;;;;;;;;;;;;;;;;;;;;;;;;;;;;;;;;;;;;;;;;;;;;;;;;;;;;;;;;;;;;;;;;;;
instead;wavtli;;wavtli;adverb;;;;;;;;;;;;;;;;;;;;;;;;;;;;;;;;;;;;;;;;;;;;;;;;;;;;;;;;;;;;;;;;;;;;;;;;;;;;;;;;;;
rather;wavtli;;wavtli;adverb;;;;;;;;;;;;;;;;;;;;;;;;;;;;;;;;;;;;;;;;;;;;;;;;;;;;;;;;;;;;;;;;;;;;;;;;;;;;;;;;;;
mind;zaða;;zaða;noun;;;;;;;;;;;;;;;;;;;;;;;;;;;;;;;;;;;;;;;;;;;;;;;;;;;;;;;;;;;;;;;;;;;;;;;;;;;;;;;;;;
mental;zaða;(only literal sense);zaða;adjective;;;;;;;;;;;;;;;;;;;;;;;;;;;;;;;;;;;;;;;;;;;;;;;;;;;;;;;;;;;;;;;;;;;;;;;;;;;;;;;;;;
natural;cleðza;;cleðza;adjective;;;;;;;;;;;;;;;;;;;;;;;;;;;;;;;;;;;;;;;;;;;;;;;;;;;;;;;;;;;;;;;;;;;;;;;;;;;;;;;;;;
for, as;þo;;þo;preposition;;;;;;;;;;;;;;;;;;;;;;;;;;;;;;;;;;;;;;;;;;;;yo;;yo;;;;;;;;;;;;;;;;;;;;;;;;;;;;;;;;;;;;
fiction;hoczaða;;hoczaða;noun;;;;;;;;;;;;;;;;;;;;;;;;;;;;;;;;;;;;;;;;;;;;;;;;;;;;;;;;;;;;;;;;;;;;;;;;;;;;;;;;;;
dragon;lograði;;lograði;noun;;;;;;;;;;;tóràgà;;toraga;;;;toraga;;toraga;;;;dakaixāa;;dakaixāa;drakaxana;;drakaxana;;;;;;;;;;;;;óskonaa;solar or lunar, depending on the dragon;óskonaa;mi koshimayá;go yazhiká;mi košimaya;;;;;;;;;;;;;;;;;;;;;;;;;;;;;;;;;;;;
forest;cleðre;;cleðre;noun;;;;;;;;;;;ʃóròwò;;ʃorowo;;;;ʃorofe;;ʃorofe;for;;for;ifo;;ifo;fort;;fort;;;;;;;;;;;;;;;;;;;;;;;;;;;;;;;;;;;;;;;;byreneçe;;byreneçe;byreneça;;byreneça;;;;;;;;;
snow;atawiþ;;atawiþ;noun;;;;;;;;;;;pólòʝáàdè;;poloʝaade;;;;poleçakte;;poleçakte;;;;;;;;;;;;;;;;;;;;;;;;;;;;;;;;;;;;;;;;;;;;;;;;;ønø;;ønø;ønø;;ønø;;;;;;;;;
grand;gli;;gli;adjective;;;;;;;;;;;;;;;;;;;;;;;;;;;;;;;;;;;;;;;;;;;;;;;;;;;;;;;;;;;;;;;;;;;;;;;;;;;;;;;;;;
great;gli;;gli;adjective;;;;;;;;;;;;;;;;;;;;;;;;;;;;;;;;;;;;;;;;;;;;;;;;;;;;;;;;;;;;;;;;;;;;;;;;;;;;;;;;;;
large;gli;;gli;adjective;;;;;;;;;;;èhêʝénà;;ehêʝena;hunh;;hunh;ehunça;;ehunça;;;;kaivāo;;kaivāo;kavalo;;kavalo;;;;;;;;;;psa;;psa;;;;gobógi;;gobogi;;;;;;;;;;;;;çalaça;;çalaça;;;;;;;aɲotyri;;aɲotyri;aɲøtyre;;aɲøtyre;;;;;;;;;
ocean;adgli;;adgli;noun;;adax;;adax;ætægəly;;ætægəly;;;;;;;;;;;;;;;;;;;;;;qsek'a;;qsek'a;;;;;;;;;;vinpéshéé;;vinpéshéé;ma inóka;go yazhiká;ma inoka;;;;;;;;;;;;;;;;;;;;;;ɲamo;;ɲamo;ɲano;;ɲano;;;;;;;;;
great lake;jaðitem;;jaðitem;noun;;;;;;;;;;;;;;;;;;;;;;;;;;;;;;;;;;;;;;;;;;;;;;;;;;;;;;;;;;;;;;;;;;;;;;;;;;;;;;;;;;
interior sea;jaðitem;;jaðitem;noun;;;;;;;;;;;;;;;;;;;;;;;;;;;;;;;;;;;;;;;;;;;;;;;;;;;;;;;;;;;;;;;;;;;;;;;;;;;;;;;;;;
young;jev;;jev;adjective;;;;;;;;;;;;;;;;;;;;;;;;;;;;;;;;;;;;;;;;;;;;;;;;;;;;;;;;;;;;;;;;;;;;;;;;;;;;;;;;;;
old;vej;;vej;adjective;;;;;;;;;;;èrèmà;;erema;ferm;;ferm;ferma ;;ferma ;;;;;;;;;;;;;;;;;;;;;;;;;wégu;;wegu;;;;;;;;;;;;;;;;;;;;;;;;;;;;;;;;;;;;
rock;þod;;þod;noun;;;;;tsodə;;tsodə;khanke;;khanke;hólù;inanimate, -t;holu;həli;inanimate, -;həli;holie;inanimate;holie;tyf;;tyf;toifo;;toifo;tyfel;;tyfel;;;;;;;;;;;;;;;;;;;;;;;;;;;;;;;;;;;;;;;;;;;;;;;;;;;;;;
port;;;;;;;;;;;;;;;;;;;;;;;;ište;;ište;itēa;;itēa;iteša;;iteša;;;;;;;;;;;;;;;;;;;;;;q'unx7ul;also name of only port city;q'unx7ul;;;;pa;;pa;;;;;;;;;;;;;;;;;;;;;;;;
land where is spoken, also country;;;;;;;;;;;;;;;;;;;;;;;;grès;;grès;gēo;;gēo;grésent;;grésent;;;;;;;;;;;;;;;;;;;;;;;;;;;;;;;;;;;;;;;;çaju;;çaju;çaʝy;;çaʝy;;;;;;;;;
I;;;;;;;;;;;;;;;;;;;;;;;;e;;e;ie;;ie;íe;(male);íe;;;;;;;mo;(male);mo;;;;;;;;;;;;;;;;;;;;;;;;;;;;;;;;;;;;;;;;;;;;;
I;;;;;;;;;;;;;;;;;;;;;;;;ís;;ís;io;;io;íes;(female);íes;;;;;;;ma;(female);ma;;;;;;;;;;;;;;;;;;;;;;;;;;;;;;;;;;;;;;;;;;;;;
you;;;;;;;;;;;;;;;;;;;;;;;;kev;;kev;gai;;gai;gev;(singular) (male);gev;;;;;;;do;(singular) (male);do;;;;;;;;;;;;;;;;;;;;;;;;;;;;;;;;;;;;;;;;;;;;;
you;;;;;;;;;;;;;;;;;;;;;;;;šem;;šem;ise;;ise;šem;(singular) (female);šem;;;;;;;da;(singular) (female);da;;;;;;;;;;;;;;;;;;;;;;;;;;;;;;;;;;;;;;;;;;;;;
he;;;;;;;;;;;;;;;;;;;;;;;;xe;;xe;ixi;;ixi;xet;;xet;;;;;;;to;;to;;;;;;;;;;;;;;;;;;;;;;;;;;;;;;;;;;;;;;;;;;;;;
it;;;;;;;;;;;;;;;;;;;;;;;;xe;;xe;ixi;;ixi;xet;(male);xet;;;;;;;to;(male);to;;;;;;;;;;;;;;;;;;;;;;;;;;;;;;;;;;;;;;;;;;;;;
it;;;;;;;;;;;;;;;;;;;;;;;;;;;ixi;;ixi;xek;(fire);xek;;;;;;;;;;;;;;;;;;;;;;;;;;;;;;;;;;;;;;;;;;;;;;;;;;;;;;
it;;;;;;;;;;;;;;;;;;;;;;;;;;;ixeu;;ixeu;xex;(earth);xex;;;;;;;;;;;;;;;;;;;;;;;;;;;;;;;;;;;;;;;;;;;;;;;;;;;;;;
she;;;;;;;;;;;;;;;;;;;;;;;;tol;;tol;dōe;;dōe;dole;;dole;;;;;;;ta;;ta;;;;;;;;;;;;;;;;;;;;;;;;;;;;;;;;;;;;;;;;;;;;;
it;;;;;;;;;;;;;;;;;;;;;;;;tol;;tol;dōe;;dōe;dole;(female);dole;;;;;;;ta;(female);ta;;;;;;;;;;;;;;;;;;;;;;;;;;;;;;;;;;;;;;;;;;;;;
it;;;;;;;;;;;;;;;;;;;;;;;;;;;dōai;;dōai;dolev;(water);dolev;;;;;;;;;;;;;;;;;;;;;;;;;;;;;;;;;;;;;;;;;;;;;;;;;;;;;;
it;;;;;;;;;;;;;;;;;;;;;;;;;;;dōeu;;dōeu;doleh;(air);doleh;;;;;;;;;;;;;;;;;;;;;;;;;;;;;;;;;;;;;;;;;;;;;;;;;;;;;;
it;;;;;;;;;;;;;;;;;;;;;;;;;;;dōo;;dōo;dolel;(plant);dolel;;;;;;;;;;;;;;;;;;;;;;;;;;;;;;;;;;;;;;;;;;;;;;;;;;;;;;
we;;;;;;;;;;;;;;;;;;;;;;;;kof;;kof;koife;;koife;kofe;(male);kofe;;;;;;;mos;(male);mos;;;;;;;;;;;;;;;;;;;;;;;;;;;;;;;;;;;;;;;;;;;;;
we;;;;;;;;;;;;;;;;;;;;;;;;šel;;šel;isēo;;isēo;šeles;(female);šeles;;;;;;;mas;(female);mas;;;;;;;;;;;;;;;;;;;;;;;;;;;;;;;;;;;;;;;;;;;;;
you;;;;;;;;;;;;;;;;;;;;;;;;rol;;rol;rōo;;rōo;rolel;(plural) (male);rolel;;;;;;;dos;(plural) (male);dos;;;;;;;;;;;;;;;;;;;;;;;;;;;;;;;;;;;;;;;;;;;;;
you;;;;;;;;;;;;;;;;;;;;;;;;rol;;rol;rōo;;rōo;roles;(plural) (female);roles;;;;;;;das;(plural) (female);das;;;;;;;;;;;;;;;;;;;;;;;;;;;;;;;;;;;;;;;;;;;;;
they ;;;;;;;;;;;;;;;;;;;;;;;;xèl;;xèl;ixito;;ixito;xétel;(male);xétel;;;;;;;tos;(male);tos;;;;;;;;;;;;;;;;;;;;;;;;;;;;;;;;;;;;;;;;;;;;;
they;;;;;;;;;;;;;;;;;;;;;;;;tole;;tole;dōite;;dōite;doléte;(female);doléte;;;;;;;tas;(female);tas;;;;;;;;;;;;;;;;;;;;;;;;;;;;;;;;;;;;;;;;;;;;;
they;;;;;;;;;;;;;;;;;;;;;;;;;;;dōitai;;dōitai;dolétev;(water);dolétev;;;;;;;;;;;;;;;;;;;;;;;;;;;;;;;;;;;;;;;;;;;;;;;;;;;;;;
they;;;;;;;;;;;;;;;;;;;;;;;;;;;dōiteu;;dōiteu;doléteh;(air);doléteh;;;;;;;;;;;;;;;;;;;;;;;;;;;;;;;;;;;;;;;;;;;;;;;;;;;;;;
they;;;;;;;;;;;;;;;;;;;;;;;;;;;dōito;;dōito;dolétel;(plant);dolétel;;;;;;;;;;;;;;;;;;;;;;;;;;;;;;;;;;;;;;;;;;;;;;;;;;;;;;
they;;;;;;;;;;;;;;;;;;;;;;;;;;;ixiti;;ixiti;xétek;(fire);xétek;;;;;;;;;;;;;;;;;;;;;;;;;;;;;;;;;;;;;;;;;;;;;;;;;;;;;;
they;;;;;;;;;;;;;;;;;;;;;;;;;;;ixiteu;;ixiteu;xétex;(earth);xétex;;;;;;;;;;;;;;;;;;;;;;;;;;;;;;;;;;;;;;;;;;;;;;;;;;;;;;
to farm;atililia;;atililia;verb;;;;;;;;;;;;;;;;;;;;hèlge;;hèlge;ixēge;;ixēge;hélge;;hélge;;;;;;;;;;;;;;;;patáke;;patake;;;;;;;;;;;;;;;;;;;;;;;;;;;;;;;;;;;;
to stop;aþac;;aþac;verb;;;;;;;;;;;;;;;;;;;;dèshe;;dèshe;dēehe;;dēehe;désehe;;désehe;;;;;;;;;;;;;;;;;;;;;;;;;;;;;;;;;;;;;;;;;;;;;;;;;;;;;;
to use;bevlatiñe;;bevlatiñe;verb;;;;;;;;;;;;;;;;;;;;;;;;;;;;;;;;;;;;;;;;;;;;;;;;;;;;;;;;;;;;;;;;;;;;;;;;;;;;;;;;;;
new;ini;;ini;adjective;;;;;;;;;;;çóròmò;;çoromo;ʃorm;;ʃorm;çormo;;çormo;;;;;;;;;;;;;;;;;;;;;;;;;;;;;;;;;;;;;;;;;;;;;;;;;;;;;;;;;;;;;;;
more;eðe;;eðe;adjective;;;;;;;;;;;çóròmò;;çoromo;ʃorm;;ʃorm;çormo;;çormo;;;;;;;;;;;;;;;;;;;;;;;;;;;;;;;;;;;;;;;;;;;;;;;;;;;;;;;;;;;;;;;
belonging to;ad;;ad;preposition;;;;;;;;;;;;;;;;;;;;;;;;;;;;;;;;;;;;;;;;;;;;;;;;;;;;;;;;;;;;;;;;;;;;;;;;;;;;;;;;;;
to instruct;adelañate;;adelañate;verb;;;;;;;;;;;;;;;;;;;;;;;;;;;;;;;;;;;;;;;;;;;;;;;;;;;;;;;;;;;;;;;;;;;;;;;;;;;;;;;;;;
plus;eðe;;eðe;conjunction;;;;;;;;;;;;;;;;;;;;;;;;;;;;;;;;;;;;;;;;;;;;;;;;;;;;;;;;;;;;;;;;;;;;;;;;;;;;;;;;;;
city;javlu;;javlu;noun;;;;;;;;;;;;;;;;;;;;èxrèxre;;èxrèxre;egega;;egega;égrégra;;égrégra;;;;;;;;;;;;;pzáj;solar or lunar, depending on the city in question;pzáj;;;;;;;;;;;;;;;;;;;;;;;;;;;;;;;;;;;;;;;
river;voltom;;voltom;noun;;;;;;;;;;;;;;;;;;;;;;;;;;;;;;;;;;;;;;;;;;;;;;;;;;;;;tri;;tri;;;;;;;;;;;;;;;;;;;;;;;;;;;
earth;erþ;;erþ;noun;;;;;;;;;;;;;;;;;;;;;;;;;;;;;;;;;;;;;;;;;;;;zhi bukúke;go yazhiká;ži bukuke;;;;;;;;;;;;;;;;;;;;;;çaju;;çaju;çaʝy;;çaʝy;;;;;;;;;
whole;juiþ;;juiþ;adjective;;;;;;;;;;;;;;;;;;;;;;;;;;;;;;;;;;;;;;;;;;;;;;;;;;;;;;;;;;;;;;;;;;;;;;;;;;;;;;;;;;
to happen;eplis;;eplis;verb;;;;;;;;;;;;;;;;;;;;;;;;;;;;;;;;;;;;;;;;;;;;;;;;;;;;;;;;;;;;;;;;;;;;;;;;;;;;;;;;;;
to find;olocil;;olocil;verb;;;;;;;;;;;;;;;;;;;;;;;;;;;;;;;;;;;;;;;;;;;;namési;;namesi;;;;;;;;;;;;;;;;;;;;;;;;;;;;namesi;;namesi;namóemasu;;namóemasu;;;
land;plimotem;;plimotem;noun;;;;;;;;;;;;;;;;;;;;;;;;;;;;;;;;;;;;;;;;;;;;;;;;;;;;;;;;;;;;;;;;;;;;çaju;;çaju;çaʝy;;çaʝy;;;;;;;;;
while;aval;;aval;pronoun;;;;;;;;;;;;;;;;;;;;;;;;;;;;;;;;;;;;;;;;;;;;;;;;;;;;;;;;;;;;;;;;;;;;;;;;;;;;;;;;;;
to live;ecil;þepete verb;ecil;verb;;;;;;;;;;;;;;;;;;;;;;;;;;;;;;;;lik´ile;;lik´ile;;;;;;;;;;;;;;;;;;;;;;;;;;;;;;;;;;;;;;;;;;;;;;;;
to allow;iplimot;þepete verb;iplimot;verb;;;;;;;;;;;;;;;;;;;;;;;;;;;;;;;;;;;;;;;;;;;;;;;;;;;;;;;;;;;;;;;;;;;;;;;;;;;;;;;;;;
palace;olovgri;;olovgri;noun;;;;;;;;;;;;;;ʃəngəbi;inanimate, -t;ʃəngəbi;çongobin;;çongobin;;;;;;;;;;;;;;;;;;;;;;;;;zhi nazamégo;go yazhiká;ži nazamego;;;;;;;;;;;;;;;;;;;;;;;;;;;;;;;;;;;;
parent;aðmi;;aðmi;noun;;;;;;;;;;;;;;;;;;;;;;;;;;;;;;;;;;;;;;;;;;;;;;;;;;;;;;;;;;;;;;;;;;;;nənangə;;nənangə;nənangə;;nənangə;;;;;;;;;
telofte;telofte;type of dress that indicates element (imported word);telofte;noun;;;;;;;;;;;;;;;;;;;;telofte;type of dress that indicates element;telofte;dēoifēta;;dēoifēta;delofentat;type of dress that indicates element;delofentat;;;;;;;;;;;;;;;;;;;;;;;;;;;;;;;;;;;;;;;;;;;;;;;;;;;;;;
flame;flac;;flac;noun;;;;;;;;tšilma;;tšilma;;;;;;;;;;;;;;;;éželameš;;éželameš;;;;;;;blama;;blama;;;;aastshu;solar;aastshu;;;;;;;;;;;;;;;;;;;;;;;;;ɣøgojun;;ɣøgojun;ɣøgoʝyn;;ɣøgoʝyn;;;;;;;;;
snow;fata;;fata;noun;;;;;;;;;;;;;;;;;;;;;;;;;;;;;;;;;;;;;;;;;;;;;;;;;;;;;;;;;;;;;;;;;;;;ønø;;ønø;ønø;;ønø;;;;;;;;;
wind;beni;;beni;noun;;;;;;;;;;;;;;;;;;;;;;;;;;;;;;;;;;;;;;;;;;;;;;;;;;;;;;;;;;;;;;;;;;;;viçviç;;viçviç;viçziç;;viçziç;;;;;;;;;
berry;agli;;agli;noun;;;;;;;;;;;;;;;;;;;;;;;;;;;;;;;;;;;;;;;;;;;;;;;;;;;;;;;;;;;;;;;;;;;;;;;;;;;;;;;;;;
orange;añamo;;añamo;adjective;;;;;;;;;;;wàmèlì;-t in plurals;wameli;;;;vamria;;vamria;;;;;;;;;;;;;;;;;;;;;;;;;;;;;;;;;;;;;;;;;;;;;;;;;;;;;;;;;;;;;naranja;orange;
rainbow;atasoli;;atasoli;noun;;;;;;;;;;;;;;;;;;;;;;;;;;;;;;;;;;;;;;;;;;;;;;;;;;;;;;;;;;;;;;;;;;;;;;;;;;;;;;;;;;
also;ðet;;ðet;preposition;;;;;;;;;;;;;;;;;;;;;;;;;;;;;;;;;;;;;;;;;;;;;;;;;;;;;;;;;;;;;;;;;;;;;;;;;;;;;;;;también;aussi;
yellow;arca;;arca;adjective;;;;;;;;;;;kólòzá;;koloza;;;;grosa;;grosa;;;;;;;;;;;;;;;;;;;;;;;;;;;;;;;;;;;;;;;;;;;;;;;;;;;;;;;;;;;;;amarillo;jaune;
green;veða;;veða;adjective;;;;;;;;;;;wèrè;;were;;;;vəri;;vəri;;;;;;;;;;;;;;;;;;;;;;;;;;;;;;;;;;;;;;;;;;;;;;;;;;;;;;;;;;;;;verde;vert;
blue;blig;;blig;adjective;;;;;;;;;;;tábààrà;;tabaara;;;;tabakra;;tabakra;;;;;;;;;;;;;;;;;;;;;;;;;gizé;;gize;;;;;;;;;;;;;;;;;;;;;;;;;;;;;;;;;;azúl;bleu;
purple;lilañu;;lilañu;adjective;;;;;;;;;;;;;;;;;;;;;;;;;;;;;;;;;;;;;;;;;;;;;;;;;;;;;;;;;;;;;;;;;;;;;;;;;;;;;;;;violeta;violet;
colour;marli;;marli;noun;;;;;;;;;;;;;;;;;;;;;;;;;;;;;;;;;;;;;;;;;;;;;;;;;;;;;;;;;;;;;;;;;;;;;;;;;;;;;;;;;;
tailor;itrij;;itrij;noun;;;;;;;;;;;;;;;;;;;;;;;;;;;;;;;;;;;;;;;;;;;;;;;;;;;;;;;;;;;;;;;;;;;;;;;;;;;;;;;;;;
arm;ñomo;;ñomo;noun;;;;;;;;;;;àlèmò;animate, -;alemo;trəm;animate, -;trəm;atrəmo;animate;atrəmo;;;;;;;;;;;;;;;;;;;;;;;;;;;;;;;;;;;;;;;;;;;;;;;;;;;;;;;;;;;;;;;
eye;bið;;bið;noun;;;;;;;;;;;çémèlì;animate, -t;çemeli;xəmri;animate, -;xəmri;xemria;animate;xemria;;;;;;;;;;;;;;;;;;;;;;;;;;;;;;;;;;;;;;;;;;;;;;;;;;;;;;;;;;;;;;;
head;tof;;tof;noun;;;;;;;;;;;tõpnà;animate, -;tõpna;tomp;animate, -b;tomp;tonba;animate;tonba;;;;;;;;;;;;;;;;keløme;;keløme;;;;;;;;;;;;;;;;;;;;;;;;;;;;;;;;;;;;;;;;;;;;;
foot;clet;;clet;noun;;;;;;;;;;;kéʝéɲà;animate, -;keʝeɲa;kəxe;animate, -n;kəxe;kexeɲa;animate;kexeɲa;;;;;;;;;;;;;;;;;;;;;;;;;;;;;;;;;;;;;;;;;;;;;;;;;;;;;;;;;;;;;;;
heart;;;;;;;;;;;;;;;põbònõ;animate, -t;põbonõ;bomb;animate, -ən;bomb;bonbon;animate;bonbon;;;;;;;;;;;;;;;;;;;;;;;;;;;;;;;;;;;;;;;;;;;;;;;;;;;;;;;;;;;;;;;
finger;;;;;;;;;;;;;;;tíìnà;animate, -;tiina;tik;animate, -n;tik;tikna;animate;tikna;;;;;;;;;;;;;;;;;;;;;;;;;;;;;;;;;;;;;;;;;;;;;;;;;;;;;;;;;;;;;;;
knee;;;;;;;;;;;;;;;kólòʝá;animate, -;koloʝa;krəx;animate, -;krəx;kroxa;animate;kroxa;;;;;;;;;;;;;;;;;;;;;;;;;;;;;;;;;;;;;;;;;;;;;;;;;;;;;;;;;;;;;;;
blood;;;;;;;;;;;;;;;põʝónù;magic, -;põʝonu;beix;magic, -;beix;bonxi;magic;bonxi;;;;;;;;;;;;;;;;gromo;;gromo;;;;;;;;;;;;;;;;;;;;;;;;;;;;;;;;;;;;;;;;;;;;;
warm;catri;;catri;adjective;;;;;;;;;;;çálînà;;çalîna;ʃətri;;ʃətri;çatrina ;;çatrina ;;;;;;;;;;;;;;;;;;;;;;;;;;;;;;;;;;;;;;;;;;;;;;;;;;;;;;;;;;;;;;;
cold;pecatri;;pecatri;adjective;;;;;;;;;;;péʝálînà;;peʝalîna;pəʒətri;;pəʒətri;peçatrina;;peçatrina;;;;;;;;;;;;;;;;;;;;;;;;;;;;;;;;;;;;;;;;;;;;;;;;;;;;;;;;;;;;;;;
heavy;;;;;;;;;;;;;;;ùwûtnà;;uwûtna;vun;;vun;ufunda;;ufunda;;;;;;;;;;;;;;;;;;;;;;;;;;;;;;;;;;;;;;;;;;;;;;;;;;;;;;;;;;;;;;;
sharp;;;;;;;;;;;;;;;kàbînklà;;kabînkla;gəbingr;;gəbingr;gabingra;;gabingra;;;;;;;;;;;;;;;;;;;;;;;;;;;;;;;;;;;;;;;;;;;;;;;;;;;;;;;;;;;;;;;
few;namle;;namle;adjective;;;;;;;;;;;péhîçnà;;pehîçna;pəhunh;;pəhunh;pehunça;;pehunça;;;;;;;;;;;;;;;;;;;;;;;;;;;;;;;;;;;;;;;;;;;;;;;;;;;;;;;;;;;;;;;
horse;;;;;;;;;;;;;;;màʝórà;animate, -;maʝora;məxor;animate, -;məxor;maxora;animate;maxora;;;;;;;;;;;;;;;;;;;;;;;;;;;;;;;;;;;;;;;;;;;;;;;;;ririo;;ririo;riri;;riri;;;;;;;;;
duck;;;;;;;;;;;;;;;tùhûdónò;inanimate, -;tuhûdono;dəhun;inanimate, -;dəhun;duhunte;inanimate;duhunte;;;;;;;;;;;;;;;;;;;;;;;;;;;;;;;;;;;;;;;;;;;;;;;;;kaekaeo;;kaekaeo;kaekae;;kaekae;;;;;;;;;
spear;;;;;;;;;;;;;;;kàbînkélè;inanimate, -;kabînkele;gəbingr;inanimate, -;gəbingr;gabingre;inanimate;gabingre;;;;;;;;;;;;;;;;;;;;;;;;;;;;;;;;;;;;;;;;;;;;;;;;;;;;;;;;;;;;;;;
fire;flacretem;;flacretem;noun;;;;;;;;;;;çálînà;animate, -;çalîna;ʃətri;animate, -n;ʃətri;çatrina ;animate;çatrina ;xíte;;xíte;;;;xítete;;xítete;;;;;;;;;;;;;;;;;;;;;;;;;;;;;;;;;;;;;;;;ɣøgo;;ɣøgo;ɣøgo;;ɣøgo;;;;;;;;;
person;;;;;;;;;;;;;;;çùrà;animate, -;çura;ʒur;animate;ʒur;ʝura;animate;ʝura;;;;;;;;;;;;;;;;;;;;;;;;;;;;;;;;;;;;;;;;;;;;;;;;;çuçuo;;çuçuo;çyçy;;çyçy;;;;;;;;;
spice;aðwam;;aðwam;noun;;;;;;;;;;;ʃúm;inanimate, -t;ʃum;ʃəm;inanimate, -t;ʃəm;ʃum;inanimate;ʃum;;;;;;;;;;;;;;;;;;;;;;;;;;;;;;;;;;;;;;;;;;;;;;;;;;;;;;;;;;;;;;;
eagle;;;;;;;;;;;;;;;ʃèlì;animate, -t;ʃeli;ʒəli;animate, -;ʒəli;ʒelia;animate;ʒelia;;;;;;;;;;;;;;;;;;;;;;;;;;;;;;;;;;;;;;;;;;;;;;;;;;;;;;;;;;;;;;;
dirt;;;;;;;;;;;;;;;nèʝé;inanimate, -;neʝe;nəx;inanimate, -;nəx;nexe;inanimate;nexe;;;;;;;;;;;;;;;;;;;;;;;;;;;;;;;;;;;;;;;;;;;;;;;;;;;;;;;;;;;;;;;
sheep;;;;;;;;;;;;;;;sébè;inanimate, -;sebe;sep;inanimate, -b;sep;sepe;inanimate;sepe;;;;;;;;;;;;;;;;;;;;;;;;;;;;;;;;;;;;;;;;;;;;;;;;;;;;;;;;;;;;;;;
to be equivalent to;;;;;;;;;;;;;;;kólò;;kolo;krə;;krə;krot;;krot;;;;;;;;;;;;;;;;;;;;;;;;;;;;;;;;;;;;;;;;;;;;;;;;;;;;;;;;;;;;;;;
how;viho;;viho;pronoun;;;;;;;;;;;tólòbè;;tolobe;drop;;drop;dropi;;dropi;kofine;;kofine;koifīa;;koifīa;kofina;;kofina;;;;;;;;;;;;;;;;;;;;;;;;;;;;;;;;;;;;;;;;;;;;;;;;;;;;;;
to pass;;;;;;;;;;;;;;;;;;;;;;;;;;;;;;;;;;;;badb´i;;badb´i;;;;;;;;;;;;;;;;;;;;;;;;;;;;;;;;;;;;;;;;;;;;;;;;
to reside;ecil;þepete verb;ecil;verb;;;;;;;;;;;tólòbò;;tolobo;;;;trobot;;trobot;gronaxan;;gronaxan;gōaixa;;gōaixa;gronaxan;;gronaxan;;;;lik´ile;;lik´ile;;;;;;;;;;namesódo;;namesodo;;;;;;;;;;;;;;;;;;;;;;;;;;;;;;;;;;;;
where;vici;;vici;pronoun;;;;;;;;;;;wìhá;;wiha;;;;wiha;;wiha;kovulše;;kovulše;koivūisa;;koivūisa;kovulša;;kovulša;;;;tobun;;tobun;;;;;;;;;;;;;;;;;;;;;;;;;;;;;;;;;;;;;;;;;;;;;;;;
sibling;amari;;amari;noun;;;;;;;;;;;tó;(only younger) animate, -;to;;;;to;animate;to;;;;;;;;;;;;;;;;;;;;;;;;;;;;;;;;;;;;;;;;;;;;;;;;;;;;;;;;;;;;;;;
child;cile;;cile;noun;;;;;;;;;;;tòrà;animate, -;tora;;;;dora;animate;dora;;;;;;;;;;;;;;;;;;;;;;;;;sü bizéti;go yazhiká;sü bizeti;;;;nami;;nami;;;;;;;;;;;;;;;;tirini;;tirini;tirine;;tirine;;;;;;;;;
brother;amarilan;;amarilan;noun;;;;;;;;;;;síbà;(only older) animate, -;siba;;;;sipa;animate;sipa;;;;;;;;;;;;;;;;;;;;;;;;;;;;;;;;;;;;;;;;;;;;;;;;;çunpeo;;çunpeo;çynte;;çynte;;;;;;;;;
sister;amariðra;;amariðra;noun;;;;;;;;;;;sìbà;(only older) animate, -;siba;;;;ziba;animate;ziba;;;;;;;;;;;;;;;;;;;;;;;;;;;;;;;;;;;;;;;;;;;;;;;;;denpeo;;denpeo;dente;;dente;;;;;;;;;
mother;aðmiðra;;aðmiðra;noun;;;;;;;;;;;màmà;animate, -;mama;;;;mama;animate;mama;;;;;;;;;;;;;;;;;;;;;;;;;sü mamá;go yazhiká;sü mama;;;;;;;;;;;;;;;;;;;;;;manopo;;manopo;manoto;;manoto;;;;;;;;;
father;aðmilan;;aðmilan;noun;;;;;;;;;;;pábà;animate, -;paba;;;;papa;animate;papa;;;;;;;;;;;;;;;;;;;;;;;;;;;;;;;;;;;;;;;;;;;;;;;;;panopo;;panopo;panoto;;panoto;;;;;;;;;
son;cilelan;;cilelan;noun;;;;;;;;;;;tò;animate, -;to;;;;do;animate;do;;;;;;;;;;;;;;;;;;;;;;;;;;;;;;;;;;;;;;;;;;;;;;;;;çunambo;;çunambo;çynando;;çynando;;;;;;;;;
daughter;cileðra;;cileðra;noun;;;;;;;;;;;tò;animate, -;to;;;;do;animate;do;;;;;;;;;;;;;;;;;;;;;;;;;;;;;;;;;;;;;;;;;;;;;;;;;divenbo;;divenbo;dizendo;;dizendo;;;;;;;;;
grandparent;aðmigli;;aðmigli;noun;;;;;;;;;;;kélìbélè;magic, -;kelibele;;;;gripli;magic;gripli;;;;;;;;;;;;;;;;;;;;;;;;;;;;;;;;;;;;;;;;;;;;;;;;;;;;;;;;;;;;;;;
grandmother;aðmigliðra;;aðmigliðra;noun;;;;;;;;;;;kèlìbélè;magic, -;kelibele;;;;gripli;magic;gripli;;;;;;;;;;;;;;;;;;;;;;;;;;;;;;;;;;;;;;;;;;;;;;;;;manopotufuo;;manopotufuo;manototusu;;manototusu;;;;;;;;;
grandfather;aðmiglilan;;aðmiglilan;noun;;;;;;;;;;;kélìbélè;magic, -;kelibele;;;;gripli;magic;gripli;;;;;;;;;;;;;;;;;;;;;;;;;;;;;;;;;;;;;;;;;;;;;;;;;panopotufuo;;panopotufuo;panototusu;;panototusu;;;;;;;;;
uncle;adaðmi;for parent's sibling;adaðmi;noun;;;;;;;;;;;kézíbà;animate, -;keziba;;;;;;;;;;;;;;;;;;;;;;;;;;;;;;;;;;;;;;;;;;;;;;;;;;;;;;;çunmeno;;çunmeno;çynneno;;çynneno;;;;;;;;;
aunt;adaðmi;for parent's sibling;adaðmi;noun;;;;;;;;;;;kèzìbà;animate, -;keziba;;;;;;;;;;;;;;;;;;;;;;;;;;;;;;;;;;;;;;;;;;;;;;;;;;;;;;;denmeno;;denmeno;denneno;;denneno;;;;;;;;;
uncle;zuadaðmi;married to parent's sibling;zuadaðmi;noun;;;;;;;;;;;kézíbà;animate, -;keziba;;;;;;;;;;;;;;;;;;;;;;;;;;;;;;;;;;;;;;;;;;;;;;;;;;;;;;;çunmeno;;çunmeno;çynneno;;çynneno;;;;;;;;;
aunt;zuadaðmi;married to parent's sibling;zuadaðmi;noun;;;;;;;;;;;kèzìbà;animate, -;keziba;;;;;;;;;;;;;;;;;;;;;;;;;;;;;;;;;;;;;;;;;;;;;;;;;;;;;;;denmeno;;denmeno;denneno;;denneno;;;;;;;;;
cousin;ciadaðmi;;ciadaðmi;noun;;;;;;;;;;;tógèzìbà;animate, -;togeziba;;;;korisro;;korisro;;;;;;;;;;;;;;;;;;;;;;;;;;;;;;;;;;;;;;;;;;;;;;;;;çunpefao;(male);çunpefao;çyntesa;(male);çyntesa;;;;;;;;;
cousin;ciadaðmi;;ciadaðmi;noun;;;;;;;;;;;tógèzìbà;animate, -;togeziba;;;;korisro;;korisro;;;;;;;;;;;;;;;;;;;;;;;;;;;;;;;;;;;;;;;;;;;;;;;;;denpefao;(female);denpefao;dentesa;(female);dentesa;;;;;;;;;
half-sibling;ciaðmi;;ciaðmi;noun;;;;;;;;;;;;;;;;;;;;;;;;;;;;;;;;;;;;;;;;;;;;;;;;;;;;;;;;;;;;;;;;;;;;;;;;;;;;;;;;;;
half-brother;ciaðmilan;;ciaðmilan;noun;;;;;;;;;;;;;;;;;;;;;;;;;;;;;;;;;;;;;;;;;;;;;;;;;;;;;;;;;;;;;;;;;;;;;;;;;;;;;;;;;;
half-sister;ciaðmiðra;;ciaðmiðra;noun;;;;;;;;;;;;;;;;;;;;;;;;;;;;;;;;;;;;;;;;;;;;;;;;;;;;;;;;;;;;;;;;;;;;;;;;;;;;;;;;;;
step-sibling;ciaðmi;;ciaðmi;noun;;;;;;;;;;;;;;;;;;;;;;;;;;;;;;;;;;;;;;;;;;;;;;;;;;;;;;;;;;;;;;;;;;;;;;;;;;;;;;;;;;
step-brother;ciaðmilan;;ciaðmilan;noun;;;;;;;;;;;;;;;;;;;;;;;;;;;;;;;;;;;;;;;;;;;;;;;;;;;;;;;;;;;;;;;;;;;;;;;;;;;;;;;;;;
step-sister;ciaðmiðra;;ciaðmiðra;noun;;;;;;;;;;;;;;;;;;;;;;;;;;;;;;;;;;;;;;;;;;;;;;;;;;;;;;;;;;;;;;;;;;;;;;;;;;;;;;;;;;
family;claga;;claga;noun;;;;;;;;;;;;;;;;;;;;;;;;;;;;;;;;;;;;;;;;;;;;sü wasíye;go yazhiká;sü wasiye;;;;;;;;;;;;;;;;;;;;;;medoco;;medoco;medocø;;medocø;;;;;;;;;
friend;blimi;;blimi;noun;;;;;;;;;;;rìêtnà;animate, -;riêtna;;;;frienda;animate;frienda;;;;;;;;;;;;;;;;;;;;;;;;;;;;;;;;;;;;;;;;;;;;;;;;;;;;;;;;;;;;;;;
Monday;;;;;;;;;;;;;;;;;;;;;;;;;;;;;;;;;;;;;;;;;;;;;;;;;;;;;;;;;;;;;;;;;;;;;;;;;;;;;;;;;;;;;;
sun;soli;;soli;noun;;;;;;;;;;;;;;;;;;;;;;;;;;;;;tʃumtθikat'ota;;tʃumtθikat'ota;;;;;;;zjëmzjâ;masculine;zjëmzjâ;pskiin;solar (obviously);pskiin;ta peí;go yazhiká;ta pei;;;;;;;;;;;;;;;;;;;;;;erøno;;erøno;erøno;;erøno;;;;;;;;;
moon;orbo;;orbo;noun;;;;;;;;;;;;;;;;;;;;;;;;;;;;;;;;;;;;;;nomgjë;feminine;nomgjë;óón;lunar (obviously);óón;;;;;;;;;;;;;;;;;;;;;;;;;sny;;sny;sny;;sny;çuço;;çuço;çúaço;;çúaço;;;
star;elvlai;;elvlai;noun;;;;;;;;;;;;;;;;;;;;;;;;;;;;;;;;;;;;;;;;;;;;;;;;;;;;;;;;;;;;;;;;;;;;etetsa;;etetsa;etetsə;;etetsə;;;;;;;;;
frost;losi;;losi;noun;;;;;;;;;;;;;;;;;;;;;;;;;;;;;;;;;;;;;;;;;;;;;;;;;;;;;;;;;;;;;;;;;;;;;;;;;;;;;;;;;;
heat;þalo;;þalo;noun;;;;;;;;;;;;;;;;;;;;;;;;;;;;;;;;;;;;;;;;;;;;;;;;;;;;;;;;;;;;;;;;;;;;;;;;;;;;;;;;;;
to melt;afango;;afango;verb;;;;;;;;;;;;;;;;;;;;;;;;;;;;;;;;;;;;;;;;;;;;;;;;;;;;;;;;;;;;;;;;;;;;;;;;;;;;;;;;;;
1st month;atawiþi;;atawiþi;noun;;;;;;;;;;;;;;;;;;;;;;;;;;;;;;;;;;;;;;;;;;;;;;;;;;;;;;;;;;;;;;;;;;;;;;;;;;;;;;;;;;
2nd month;losi;;losi;noun;;;;;;;;;;;;;;;;;;;;;;;;;;;;;;;;;;;;;;;;;;;;;;;;;;;;;;;;;;;;;;;;;;;;;;;;;;;;;;;;;;
3rd month;afangi;;afangi;noun;;;;;;;;;;;;;;;;;;;;;;;;;;;;;;;;;;;;;;;;;;;;;;;;;;;;;;;;;;;;;;;;;;;;;;;;;;;;;;;;;;
4th month;atasoli;;atasoli;noun;;;;;;;;;;;;;;;;;;;;;;;;;;;;;;;;;;;;;;;;;;;;;;;;;;;;;;;;;;;;;;;;;;;;;;;;;;;;;;;;;;
5th month;vlori;;vlori;noun;;;;;;;;;;;;;;;;;;;;;;;;;;;;;;;;;;;;;;;;;;;;;;;;;;;;;;;;;;;;;;;;;;;;;;;;;;;;;;;;;;
6th month;baðatrepavi;;baðatrepavi;noun;;;;;;;;;;;;;;;;;;;;;;;;;;;;;;;;;;;;;;;;;;;;;;;;;;;;;;;;;;;;;;;;;;;;;;;;;;;;;;;;;;
7th month;soli;;soli;noun;;;;;;;;;;;;;;;;;;;;;;;;;;;;;;;;;;;;;;;;;;;;;;;;;;;;;;;;;;;;;;;;;;;;;;;;;;;;;;;;;;
8th month;pavi;;pavi;noun;;;;;;;;;;;;;;;;;;;;;;;;;;;;;;;;;;;;;;;;;;;;;;;;;;;;;;;;;;;;;;;;;;;;;;;;;;;;;;;;;;
9th month;þali;;þali;noun;;;;;;;;;;;;;;;;;;;;;;;;;;;;;;;;;;;;;;;;;;;;;;;;;;;;;;;;;;;;;;;;;;;;;;;;;;;;;;;;;;
10th month;seci;;seci;noun;;;;;;;;;;;;;;;;;;;;;;;;;;;;;;;;;;;;;;;;;;;;;;;;;;;;;;;;;;;;;;;;;;;;;;;;;;;;;;;;;;
11th month;beni;;beni;noun;;;;;;;;;;;;;;;;;;;;;;;;;;;;;;;;;;;;;;;;;;;;;;;;;;;;;;;;;;;;;;;;;;;;;;;;;;;;;;;;;;
12th month;marli;;marli;noun;;;;;;;;;;;;;;;;;;;;;;;;;;;;;;;;;;;;;;;;;;;;;;;;;;;;;;;;;;;;;;;;;;;;;;;;;;;;;;;;;;
13th month;glimeri;;glimeri;noun;;;;;;;;;;;;;;;;;;;;;;;;;;;;;;;;;;;;;;;;;;;;;;;;;;;;;;;;;;;;;;;;;;;;;;;;;;;;;;;;;;
14th month;gerongoni;;gerongoni;noun;;;;;;;;;;;;;;;;;;;;;;;;;;;;;;;;;;;;;;;;;;;;;;;;;;;;;;;;;;;;;;;;;;;;;;;;;;;;;;;;;;
15th month;pecatri;;pecatri;noun;;;;;;;;;;;;;;;;;;;;;;;;;;;;;;;;;;;;;;;;;;;;;;;;;;;;;;;;;;;;;;;;;;;;;;;;;;;;;;;;;;
;hetati;removed from calendar;hetati;noun;;;;;;;;;;;;;;;;;;;;;;;;;;;;;;;;;;;;;;;;;;;;;;;;;;;;;;;;;;;;;;;;;;;;;;;;;;;;;;;;;;
16th month;gemuglu;;gemuglu;noun;;;;;;;;;;;;;;;;;;;;;;;;;;;;;;;;;;;;;;;;;;;;;;;;;;;;;;;;;;;;;;;;;;;;;;;;;;;;;;;;;;
harvest;gerongon;;gerongon;noun;;;;;;;;;;;;;;;;;;;;;;;;;;;;;;;;;;;;;;;;;;;;;;;;;;;;;;;;;;;;;;;;;;;;;;;;;;;;;;;;;;
to harvest;agerongon;;agerongon;verb;;;;;;;;;;;;;;;;;;;;;;;;;;;;;;;;;;;;;;;;;;;;;;;;;;;;;;;;;;;;;;;;;;;;;;;;;;;;;;;;;;
magic;wizadria;;wizadria;noun;;;;;;;;;;;kálààlè;magic, -ì;kalaale;kəladr;magic, -;kəladr;kaladri;;kaladri;pabax;;pabax;;;;pabaxe;;pabaxe;;;;;;;;;;;;;;;;sha zhináse;go yazhiká, only traditional magic, not gemstone magic;ša žinase;;;;;;;;;;;;;;;;;;;;;;;;;;;;;;;;;;;;
to visit;avarila;;avarila;verb;;;;;;;;;;;;;;;;;;;;;;;;;;;;;;;;;;;;;;;;;;;;;;;;;;;;;;;;;;;;;;;;;;;;;;;;;;;;;;;;;;
ticket;bil;;bil;noun;;;;;;;;;;;;;;;;;;;;;;;;;;;;;;;;;;;;;;;;;;;;;;;;;;;;;;;;;;;;;;;;;;;;;;;;;;;;;;;;;;
gold;toþa;;toþa;noun;;;;;;;;;;;;;;;;;;;;;;;;;;;;;;;;;;;;;;;;;;;;;;;;;;;;;;;;;;;;;;;;;;;;;;;;;;;;;;;;;;
silver;atlið;;atlið;noun;;;;;;;;;;;;;;drir;;drir;driri;;driri;;;;;;;;;;;;;;;;;;;;;;;;;;;;;;;;;;;;;;;;;;;;;;;;;;;;;;;;;;;;;;;
to have the property of;;;;;;;;;;;;;;;télìbè;;telibe;;;;dripot ;;dripot ;;;;;;;;;;;;;;;;;;;;;;;;;;;;;;;;;;;;;;;;;;;;;;;;;;;;;;;;;;;;;;;
please;fango;;fango;interjection;;;;;;;;;;;;;;;;;;;;;;;;;;;;;;;;;;;;;;;;;;;;;;;;;;;;;;;;;;;;;;;;;;;;;;;;;;;;;;;;;;
only;jede;;jede;adverb;;;;;;;;;;;;;;;;;;;;;;;;;;;;;;;;;;;;;;;;;;;;;;;;;;;;;;;;;;;;;;;;;;;;;;;;;;;;;;;;;;
open;ave;;ave;adjective;;;;;;;;;;;;;;;;;;;;;;;;;;;;;;;;;;;;;;;;;;;;;;;;;;;;;;;;;;;;;;;;;;;;;;;;;;;;;;;;;;
closed;pave;;pave;adjective;;;;;;;;;;;;;;;;;;;;;;;;;;;;;;;;;;;;;;;;;;;;;;;;;;;;;;;;;;;;;;;;;;;;;;;;;;;;;;;;;;
to give birth;ablu;;ablu;verb;;;;;;;;;;;;;;;;;;;;;;;;;;;;;;;;;;;;;;;;;;;;;;;;;;;;;;;;;;;;;;;;;;;;;;;;;;;;;;;;;;
birth;blu;;blu;noun;;;;;;;;;;;;;;;;;;;;;;;;;;;;;;;;;;;;;;;;;;;;;;;;;;;;;;;;;;;;;;;;;;;;;;;;;;;;;;;;;;
birthday;daðblu;;daðblu;noun;;;;;;;;;;;;;;;;;;;;;;;;;;;;;;;;;;;;;;;;;;;;;;;;;;;;;;;;;;;;;;;;;;;;;;;;;;;;;;;;;;
after;gabri;;gabri;adverb;;;;;;;;;;;;;;;;;;;;;;;;;;;;;;;;;;;;;;;;;;;;goshú;;gošu;;;;;;;;;;;;;;;;;;;;;;;;;;;;;;;;;;;;
before;adbri;;adbri;adverb;;;;;;;;;;;;;;;;;;;;;;;;;;;;;;;;;;;;;;;;;;;;epéta;;epeta;;;;;;;;;;;;;;;;;;;;;;;;;;;;;;;;;;;;
chapter;capit;;capit;noun;;;;;;;;;;;;;;;;;;;;;;;;;;;;;;;;;;;;;;;;;;;;;;;;;;;;;;;;;;;;;;;;;;;;;;;;;;;;;;;;;;
to shine;asoli;;asoli;verb;;;;;;;;;;;;;;;;;;;;;;;;;;;;;pjom;;pjom;;;;;;;zjômudi;;zjômudi;;;;;;;;;;;;;;;;;;;;;;;;;;;;erønju;;erønju;erønʝy;;erønʝy;;;;;;;;;
today;adeda;;adeda;noun;;;;;;;;;;;;;;;;;;;;;;;;;;;;;;;;;;;;;;;;;;;;;;;;;;;;;;;;;;;;;;;;;;;;;;;;;;;;;;;;;;
tomorrow;ñota;;ñota;noun;;;;;;;;;;;;;;;;;;;;;;;;;;;;;;;;;;;;;;;;;;;;;;;;;;;;;;;;;;;;;;;;;;;;monjidi;;monjidi;monʝide;;monʝide;;;;;;;;;
morning;ñota;;ñota;noun;;;;;;;;;;;;;;;;;;;;;;;;;;;;;;;;;;;;;;;;;;;;;;;;;;;;;;;;;;;;;;;;;;;;;;;;;;;;;;;;;;
afternoon;tevli;;tevli;noun;;;;;;;;;;;;;;;;;;;;;;;;;;;;;;;;;;;;;;;;;;;;;;;;;;;;;;;;;;;;;;;;;;;;;;;;;;;;;;;;;;
yesterday;tevli;;tevli;noun;;;;;;;;;;;;;;;;;;;;;;;;;;;;;;;;;;;;;;;;;;;;;;;;;;;;;;;;;;;;;;;;;;;;;;;;;;;;;;;;;;
bright;glo;;glo;adjective;;;;;;;;;;;;;;;;;;;;;;;;;;;;;;;;;;;;;;;;;;;;;;;;;;;;;;;;;;;;;;;;;;;;rudçe;;rudçe;rudça;;rudça;;;;;;;;;
brightly;glonet;;glonet;adverb;;;;;;;;;;;;;;;;;;;;;;;;;;;;;;;;;;;;;;;;;;;;;;;;;;;;;;;;;;;;;;;;;;;;rudçe;;rudçe;rudça;;rudça;;;;;;;;;
up;aðolio;;aðolio;preposition;;;;;;;;;;;;;;;;;;;;;;;;;;;;;;;;;;;;;;;;;;;;öná;;öna;;;;;;;;;;;;;;;;;;;;;;;;;;;;;;;;;;;;
down;aðerþ;;aðerþ;preposition;;;;;;;;;;;;;;;;;;;;;;;;;;;;;;;;;;;;;;;;;;;;desú;;desu;;;;;;;;;;;;;;;;;;;;;;;;;;;;;;;;;;;;
to rise;ataðolio;;ataðolio;verb;;;;;;;;;;;;;;;;;;;;;;;;;;;;;;;;;;;;;;;;;;;;öná peké;peké is irregular;öna peke;;;;;;;;;;;;;;;;;;;;;;ʝoteju;;ʝoteju;ʝøteʝy;;ʝøteʝy;;;;;;;;;
to fall;ataðerþ;;ataðerþ;verb;;;;;;;;;;;;;;;;;;;;;;;;;;;;;;;;;;;;;;;;;;;;desú peké;peké is irregular;desu peke;;;;;;;;;;;;;;;;;;;;;;;;;;;;;;;;;;;;
sky;olio;;olio;noun;;;;;;;;;;;;;;həri;animate, -;həri;haria;;haria;;;;;;;;;;;;;;;;;;;;;;;;;;;;;;;;;;;;;;;;;;;;;;;;;saça;;saça;saçə;;saçə;;;;;;;;;
to speak;apalavli;;apalavli;verb;;;;;;;;;;;;;;;;;;;;;;;;;;;;;;;;;;;;;;;;;;;;;;;;;;;;;;;;;;;;;;;;;;;;;;;;;;;;;;;;;;
to talk;apalavli;;apalavli;verb;;;;;;;;;;;;;;;;;;;;;;;;;;;;;;;;;;;;;;;;;;;;;;;;;;;;;;;;;;;;;;;;;;;;;;;;;;;;;;;;;;
to shout;apalavligli;;apalavligli;verb;;;;;;;;;;;;;;;;;;;;;;;;;;;;;;;;;;;;;;;;;;;;;;;;;;;;;;;;;;;;;;;;;;;;;;;;;;;;;;;;;;
language;palavli;;palavli;noun;;;;;;;;;;;;;;;;;;;;;;;;;;;;;;;;;;;;;;;;;;;;;;;;;;;;;;;;;;;;;;;;;;;;;;;;;;;;;;;;;;
to curse;apalavligli;;apalavligli;verb;;;;;;;;;;;;;;;;;;;;;;;;;;;;;;;;;;;;;;;;;;;;;;;;;;;;;;;;;;;;;;;;;;;;;;;;;;;;;;;;;;
some;giþma;;giþma;adjective;;;;;;;;;;;;;;;;;;;;;;;;;;;;;;;;;;;;;;;;;;;;;;;;;;;;;;;;;;;;;;;;;;;;;;;;;;;;;;;;;;
many;giþmagli;;giþmagli;adjective;;;;;;;;;;;;;;;;;;;;;;;;;;;;;;;;;;;;;;;;;;;;;;;;;;;;;;;;;;;;;;;;;;;;;;;;;;;;;;;;;;
time;zita;;zita;noun;;;;;;;;;;;;;;;;;;;;;;;;;;;;;;;;;;;;;;;;;;;;;;;;;;;;;;;;;;;;;;;;;;;;;;;;;;;;;;;;;;
often;turvi;;turvi;adverb;;;;;;;;;;;;;;;;;;;;;;;;;;;;;;;;;;;;;;;;;;;;;;;;;;;;;;;;;;;;;;;;;;;;;;;;;;;;;;;;;;
frequently;turvi;;turvi;adverb;;;;;;;;;;;;;;;;;;;;;;;;;;;;;;;;;;;;;;;;;;;;;;;;;;;;;;;;;;;;;;;;;;;;;;;;;;;;;;;;;;
to jump;ebowa;;ebowa;verb;;;;;;;;;;;;;;;;;;;;;;;;;;;;;;;;;;;;;;;;;;;;;;;;;;;;;;;;;;;;;;;;;;;;;;;;;;;;;;;;;;
cat;feñafa;;feñafa;noun;;;;;;;;;;;òòbá;;ooba;otp;;otp;otpat;;otpat;;;;;;;;;;k'afemta;;k'afemta;;;;;;;;;;;;;;;;;;;;;;;;;;;;;;;;;;;;;ømo;;ømo;øno;;øno;;;;;;;;;
nowhere;novici;;novici;noun;;;;;;;;;;;;;;;;;;;;;;;;;;;;;;;;;;;;;;;;;;;;;;;;;;;;;;;;;;;;;;;;;;;;;;;;;;;;;;;;;;
to play;ajos;;ajos;verb;;;;;;;;;;;;;;;;;;;;;;;;;;;;;;;;;;;;;;;;;;;;;;;;;;;;;;;;;;;;;;;;;;;;;;;;;;;;;;;;;;
cow;;;;;;;;;;;;;;;òòbà;;ooba;okp;;okp;okpat;;okpat;;;;;;;;;;;;;;;;;;;;;;faskámóó;underground;faskámóó;;;;;;;;;;;;;;;;;;;;;;;;;møno;;møno;møno;;møno;hofava;;hofava;hfáv;;hfáv;;;
to hope;esleta;;esleta;verb;;;;;;;;;;;;;;;;;;;;;;;;;;;;;;;;;;;;;;;;;;;;;;;;;;;;;;;;;;;;;;;;;;;;;;;;;;;;;;;;;;
face;;;;;;;;;;;;;;;àlàdè;inanimate, -;alade;fəla;inanimate, -d;fəla;falati;inanimate;falati;;;;;;;;;;;;;;;;;;;;;;;;;;;;;;;;;;;;;;;;;;;;;;;;;;;;;;;;;;;;;;;
neck;;;;;;;;;;;;;;;mõnòlù;(front) inanimate, -t;mõnolu;;;;monolie;inanimate;monolie;;;;;;;;;;;;;;;;;;;;;;;;;;;;;;;;;;;;;;;;;;;;;;;;;;;;;;;;;;;;;;;
neck;;;;;;;;;;;;;;;tòlù;(back) inanimate, -t;tolu;;;;dolie;inanimate;dolie;;;;;;;;;;;;;;;;;;;;;;;;;;;;;;;;;;;;;;;;;;;;;;;;;;;;;;;;;;;;;;;
chest;;;;;;;;;;;;;;;òlõnò;inanimate, -;olõno;;;;folone;inanimate;folone;;;;;;;;;;;;;;;;;;;;;;;;;;;;;;;;;;;;;;;;;;;;;;;;;;;;;;;;;;;;;;;
belly;;;;;;;;;;;;;;;òlõnò;inanimate, -;olõno;;;;folone;inanimate;folone;;;;;;;;;;;;;;;;;;;;;;;;;;;;;;;;;;;;;;;;;;;;;;;;;;;;;;;;;;;;;;;
back;;;;;;;;;;;;;;;tírînè;inanimate, -;tirîne;;;;tirine;inanimate;tirine;;;;;;;;;;;;;;;;;;;;;;;;;;;;;;;;;;;;;;;;;;;;;;;;;;;;;;;;;;;;;;;
leg;ðoc;;ðoc;;;;;;;;;;;;wèrìlìzá;animate, -;weriliza;;;;vrilisa;animate;vrilisa;;;;;;;;;;;;;;;;;;;;;;;;;;;;;;;;;;;;;;;;;;;;;;;;;;;;;;;;;;;;;;;
hand;helda;;helda;noun;;;;;;;;;;;kàlìzá;animate, -;kaliza;;;;galisa;animate;galisa;;;;;;;;;;;;;;;;;;;;;;;;;;;;;;;;;;;;;;;;;;;;;;;;;;;;;;;;;;;;;;;
fifteen;on sba seb;;on sba seb;number;;;;;;;;;;;tînàgélèè;;tînagelee;;;;tinagros;;tinagros;;;;;;;;;;;;;;;;;;;;;;;;;;;;;;;;;;;;;;;;;;;;;;;;;;;;;;;;;;;;;;;
twenty;do sba;;do sba;number;;;;;;;;;;;sèràgélèè;;seragelee;;;;zeragros;;zeragros;;;;;;;;;;;;;;;;;;;;;;;;;;;;;;;;;;;;;;;;;;;;;;;;;;;;;;;;;;;;;;;
twenty-five;do sba seb;;do sba seb;number;;;;;;;;;;;hólùhlà;;holuhla;;;;hruhra;;hruhra;;;;;;;;;;;;;;;;;;;;;;;;;;;;;;;;;;;;;;;;;;;;;;;;;;;;;;;;;;;;;;;
thirty;tes sba;;tes sba;number;;;;;;;;;;;tésé sétúsé;;tese setuse;;;;;;;;;;;;;;;;;;;;;;;;;;;;;;;;;;;;;;;;;;;;;;;;;;;;;;;;;;;;;;;;;;;;;
black;nul;;nul;adjective;;;;;;;;;;;nùr;;nur;;;;nur;;nur;;;;;;;;;;;;;;;;;;;;;;;;;;;;;;;;;;;;;;;;;;;;;;;;;;;;;;;;;;;;;;;
white;blac;;blac;adjective;;;;;;;;;;;plàà;;plaa;;;;blak;;blak;;;;;;;;;;;;;;;;;;;;;;;;;;;;;;;;;;;;;;;;;;;;;;;;;;;;;;;;;;;;;;;
stream;tirivlé;;tirivle;noun;;;;;;;;;;;rérìwèrè;;reriwere;;;;;;;;;;;;;;;;;;;;;;;;;;;;;;;;;;;;;;;;;;;;;;;;;;;;;;;;;;;;;;;;;;;;;
or;ot;;ot;conjunction;;;;;;;;;;;pélè;;pele;;;;bri;;bri;;;;;;;;;;;;;;;;;;;;;;;;;;;;;;;;;;;;;;;;;;;;;;;;;;;;;;;;;;;;;;;
but;pe;;pe;conjunction;;;;;;;;;;;àbólò;;abolo;;;;abro;;abro;;;;;;;;;;;;;;;;;;;;;;;;;mané;;mane;;;;;;;;;;;;;;;;;;;;;;;;;;;;;;;;;;;;
book;leafil;;leafil;noun;;;;;;;;;;;lèáwìlè;magic, -;leawile;;;;;;;;;;;;;;;;;;;;;;;;;;;;;;;;;;;;;;;;;;;;;;;;;;;;;;;;;;;;;;;;;;;;;
magician;wizadriat;;wizadriat;noun;;;;;;;;;;;;;;;;;;;;;;;;;;;;;;;;;;;;;;;;;;;;;;;;;;;;;;;;;;;;;;;;;;;;;;;;;;;;;;;;;;
philosopher;wizadriat;;wizadriat;noun;;;;;;;;;;;tólùmà;;toluma;;;;truma;;truma;;;;;;;;;;;;;;;;;;;;;;;;;;;;;;;;;;;;;;;;;;;;;;;;;;;;;;;;;;;;;;;
liquid;jaliba;;jaliba;noun;;;;;;;;;;;rììdè;;riide;;;;rikte;;rikte;;;;;;;;;;;;;;;;;;;;;;;;;;;;;;;;;;;;;;;;;;;;;;;;;;;;;;;;;;;;;;;
gem;oraci;;oraci;noun;;;;;;;;;;;òràcù;;oracu;;;;;;;;;;;;;;;;;;;;;;;;;;;;;;;ki oyáki;go numúge;ki oyaki;;;;;;;;;;;;;;;;;;;;;;;;;;;;;;;;;;;;
rare;infi;;infi;adjective;;;;;;;;;;;;;;;;;;;;;;;;;;;;;;;;;;;;;;;;;;;;;;;;;;;;;;;;;;;;;;;;;;;;;;;;;;;;;;;;;;
common;petinfi;;petinfi;adjective;;;;;;;;;;;;;;;;;;;;;;;;;;;;;;;;;;;;;;;;;;;;;;;;;;;;;;;;;;;;;;;;;;;;;;;;;;;;;;;;;;
flexible;jaþan;;jaþan;adjective;;;;;;;;;;;;;;;;;;;;;;;;;;;;;;;;;;;;;;;;;;;;;;;;;;;;;;;;;;;;;;;;;;;;;;;;;;;;;;;;;;
strong;grasma;;grasma;adjective;;;;;;;;;;;;;;;;;;;;;;;;;;;;;;;;;;;;;;;;;;;;;;;;;;;;;;;;;;;;;;;;;;;;;;;;;;;;;;;;;;
young;jov;;jov;adjective;;;;;;;;;;;;;;;;;;;;;;;;;;;;;;;;;;;;;;;;;;;;;;;;;;;;;;;;;;;;;;;;;;;;;;;;;;;;;;;;;;
male;lan;;lan;adjective;;;;;;;;;;;;;;;;;;;;;;;;;;;;;;;;;;;;;;;;;;;;;;;;;;;;;;;;;;;;;;;;;;;;çunɣi;;çunɣi;çynɣe;;çynɣe;;;;;;;;;
female;ðra;;ðra;adjective;;;;;;;;;;;;;;;;;;;;;;;;;;;;;;;;;;;;;;;;;;;;;;;;;;;;;;;;;;;;;;;;;;;;denɣi;;denɣi;denɣe;;denɣe;;;;;;;;;
war;gar;;gar;noun;;;;;;;;;;;;;;;;;;;;ranxe;;ranxe;;;;ranxe;;ranxe;;;;;;;;;;;;;èkhèèfe;solar;èkhèèfe;;;;;;;;;;;;;;;;;;;;;;;;;;;;;;;;;;;;;;;
mystery;winaþu;;winaþu;noun;;;;;;;;;;;;;;;;;;;;;;;;;;;;;;;;;;;;;;;;;;;;;;;;;;;;;;;;;;;;;;;;;;;;;;;;;;;;;;;;;;
town;tijavlu;;tijavlu;noun;;;;;;;;;;;;;;;;;;;;;;;biivīo;;biivīo;bívilo;;bívilo;;;;;;;;;;;;;;;;;;;;;;;;;;;;;;;;;;;;;;;;;;;;;;;;;;;;;;
calendar;dadera;;dadera;noun;;;;;;;;;;;;;;;;;;;;;;;īōia ;;īōia ;ilonia;;ilonia;;;;;;;;;;;;;;;;;;;;;;;;;;;;;;;;;;;;;;;;;;;;;;;;;;;;;;
year;dadera;;dadera;noun;;;;;;;;;;;;;;;;;;;;;;;;;;;;;;;;;;;;;;;;;;;;;;;;;;;;;;;;;;;;;;;;;;;;;;;;;;;;;;;;;;
month;i;;i;noun;;;;;;;;;;;;;;;;;;;;;;;;;;;;;;;;;;;;;;;;;;;;;;;;;;;;;;;;;;;;;;;;;;;;;;;;;;;;;;;;;;
honour;;;;;;;;;;;;;;;;;;;;;;;;;;;xyfun;;xyfun;xyfune;;xyfune;;;;;;;;;;;;;;;;;;;;;;;;;;;;;;;;;;;;;;;;;;;;;;;;;;;;;;
thief;;;;;;;;;;;;;;;;;;;;;;;;tèfil;;tèfil;;;;téfíle;;téfíle;;;;;;;;;;;;;;;;;;;;;;;;;;;;;;;;;;;;;;;;;;;;;;;;;;;;;;
liar;;;;;;;;;;;;;;;;;;;;;;;;lírbes;;lírbes;;;;líbres;;líbres;;;;;;;;;;;;;;;;;;;;;;;;;;;;;;;;;;;;;;;;;;;;;;;;;;;;;;
again;;;;;;;;;;;;;;;;;;;;;;;;;;;;;;;;;;;;;;;;;;;;;;;;;;;;;;;;;;;;;;;;;;;;;;;;tfane;;tfane;tsana;;tsana;;;;;;;;;
now;mulet;;mulet;adverb;;;;;;;;;;;;;;;;;;;;;;;;;;;;;;;;;;;;;;;;;;;;;;;;;;;;;;;;;;;;;;;;;;;;ça;;ça;çə;;çə;;;;;;;;;
air;;;;;;;;;;;;;;;;;;;;;;;;;;;;;;;;;;;;;;;;;;;;;;;;wi nagané;go yazhiká;wi nagane;;;;;;;;;;;;;;;;;;;;;;həho;;həho;həho;;həho;;;;;;;;;
region;;;;;;;;;;;;;;;;;;;;;;;;;;;;;;;;;;;;;;;;;;;;;;;;;;;;;;;;;;;;;;;;;;;;;;;;napxe;;napxe;natxa;;natxa;;;;;;;;;
ash;;;;;;;;;;;;;;;;;;;;;;;;;;;;;;;;;;;;;;;;;;;;;;;;;;;;;;;;;;;;;;;;;;;;;;;;ɣøge;;ɣøge;ɣøga;;ɣøga;;;;;;;;;
cave;;;;;;;;;;;;;;;;;;;;;;;;;;;;;;;;;;;;;;;;;;;;;;;;;;;;;;;;;;;;;;;;;;;;;;;;dunki;;dunki;dunke;;dunke;;;;;;;;;
cloud;;;;;;;;;;;;;;;;;;;;;;;;;;;;;;;;;;;;;;;;;;;;;;;;ö bósi;go yazhiká;ö bosi;;;;;;;;;;;;;;;;;;;;;;røicyo;;røicyo;røicy;;røicy;;;;;;;;;
dark;nolize;;nolize;;;;;;;;;;;;;;;;;;;;;;;;;;;;;;;;;;;;;;;;;;;;;;;;;;;;;;;;;;;;;;;;;;;;;veɟa;;veɟa;veɟə;;veɟə;;;;;;;;;
dust;;;;;;;;;;;;;;;;;;;;;;;;;;;;;;;;;;;;;;;;;;;;;;;;;;;;;;;;;;;;;;;;;;;;;;;;hur;;hur;hur;;hur;;;;;;;;;
fog;;;;;;;;;;;;;;;;;;;;;;;;;;;;;;;;;;;;;;;;;;;;;;;;;;;;;;;;;;;;;;;;;;;;;;;;gehur;;gehur;gehur;;gehur;;;;;;;;;
mist;;;;;;;;;;;;;;;;;;;;;;;;;;;;;;;;;;;;;;;;;;;;;;;;;;;;;;;;;;;;;;;;;;;;;;;;gehur;;gehur;gehur;;gehur;;;;;;;;;
bay;;;;;;;;;;;;;;;;;;;;;;;;;;;;;;;;;;;;;;;;;;;;;bzga;lunar;bzga;ma kashinaké;go yazhiká;ma kašinake;;;;;;;;;;pa;;pa;;;;;;;;;;unxa;;unxa;unxə;;unxə;;;;;;;;;
ice;fata;;fata;noun;;;;;;;;;;;;;;;;;;;;;;;;;;;;;;;;;;;;;;;;;;;;;;;;;;;;;;;;;;;;;;;;;;;;ʝezu;;ʝezu;ʝezu;;ʝezu;;;;;;;;;
island;pliata;;pliata;noun;;;;;;;;;;;;;;;;;;;;;;;;;;;;;;;;;;;;;;;;;;;;ka biné;go yazhiká;ka bine;;;;;;;;;;mila;;mila;;;;;;;;;;egiçe;;egiçe;egiça;;egiça;;;;;;;;;
ignite;;;;;;;;;;;;;;;;;;;;;;;;;;;;;;;;;;;;;;;;;;;;;;;;;;;;;;;;;;;;;;;;;;;;;;;;ɣøgoju;;ɣøgoju;ɣøgoʝy;;ɣøgoʝy;;;;;;;;;
lightning;;;;;;;;;;;;;;;;;;;;;;;;;;;;;;;;;;;;;;;;;;;;;;;;;;;;;;;;;;;;;;;;;;;;;;;;saçaɣøgo;;saçaɣøgo;saçaɣøgo;;saçaɣøgo;;;;;;;;;
mainland;;;;;;;;;;;;;;;;;;;;;;;;;;;;;;;;;;;;;;;;;;;;;;;;;;;;;;;;;;;;;;;;;;;;;;;;ymuʝe;;ymuʝe;ynuʝa;;ynuʝa;;;;;;;;;
mud;;;;;;;;;;;;;;;;;;;;;;;;;;;;;;;;;;;;;;;;;;;;;;;;;;;;;;;;;;;;;;;;;;;;;;;;ømde;;ømde;ønda;;ønda;;;;;;;;;
rain;;;;;;;;;;;;;;;;;;;;;;;;;;;;;;;;;;;;;;;;;;;;;;;;;;;;;;;;;;;;;;;;;;;;;;;;ʙu;;ʙu;ʙu;;ʙu;;;;;;;;;
sand;;;;;;;;;;;;;;;;;;;;;;;;;;;;;;;;;;;;;;;;;;;;;;;;;;;;;;;;;;;;;;;;;;;;;;;;punte;;punte;punta;;punta;;;;;;;;;
shade;;;;;;;;;;;;;;;;;;;;;;;;;;;;;;;;;;;;;;;;;;;;;;;;;;;;;;;;;;;;;;;;;;;;;;;;veɟaɲu;;veɟaɲu;veɟaɲy;;veɟaɲy;;;;;;;;;
shore;;;;;;;;;;;;;;;;;;;;;;;;;;;;;;;;;;;;;;;;;;;;;;;;ka tayúke;go yazhiká;ka tayuke;;;;;;;;;;;;;;;;;;;;;;oso;;oso;oso;;oso;;;;;;;;;
smoke;;;;;;;;;;;;;;;;;;;;;;;;;;;;;;;;;;;;;;;;;;;;;;;;;;;;;;;;;;;;;;;;;;;;;;;;ɣøgohur;;ɣøgohur;ɣøgohur;;ɣøgohur;;;;;;;;;
spring;;;;;;;;;;;;;;;;;;;;;;;;;;;;;;;;;;;;;;;;;;;;;;;;;;;;;;;;;;;;;;;;;;;;;;;;zurø;;zurø;zurø;;zurø;;;;;;;;;
thunder;;;;;;;;;;;;;;;;;;;;;;;;;;;;;;;;;;;;;;;;;;;;;;;;;;;;;;;;;;;;;;;;;;;;;;;;pekopeko;;pekopeko;pekoteko;;pekoteko;;;;;;;;;
wave;;;;;;;;;;;;;;;;;;;;;;;;;;;;;;;;;;;;;;;;;;;;;;;;;;;;;;;;;;;;;;;;;;;;;;;;ʙoroʙoro;;ʙoroʙoro;ʙorororo;;ʙorororo;;;;;;;;;
weather;;;;;;;;;;;;;;;;;;;;;;;;;;;;;;;;;;;;;;;;;;;;;;;;;;;;;;;;;;;;;;;;;;;;;;;;erønʙo;;erønʙo;erønro;;erønro;;;;;;;;;
world;;;;;;;;;;;;;;;;;;;;;;;;;;;;;;;;;;;;;;;;;;;;;;;;;;;;;;;;;;;;;;;;;;;;;;;;çaju;;çaju;çaʝy;;çaʝy;;;;;;;;;
ancestor;;;;;;;;;;;;;;;;;;;;;;;;;;;;;;;;;;;;;;;;;;;;;;;;;;;;;;;;;;;;;;;;;;;;;;;;ɲigmo;;ɲigmo;ɲigno;;ɲigno;;;;;;;;;
boy;;;;;;;;;;;;;;;;;;;;;;;;;;;;;;;;;;;;;;;;;;;;;;;;;;;;;;;;;;;;;;;;;;;;;;;;çuno;;çuno;çyno;;çyno;;;;;;;;;
girl;;;;;;;;;;;;;;;;;;;;;;;;;;;;;;;;;;;;;;;;;;;;;;;;;;;;;;;;;;;;;;;;;;;;;;;;deno;;deno;deno;;deno;;;;;;;;;
descendant;;;;;;;;;;;;;;;;;;;;;;;;;;;;;;;;;;;;;;;;;;;;;;;;;;;;;;;;;;;;;;;;;;;;;;;;monço;;monço;monçø;;monçø;;;;;;;;;
granddaughter;;;;;;;;;;;;;;;;;;;;;;;;;;;;;;;;;;;;;;;;;;;;;;;;;;;;;;;;;;;;;;;;;;;;;;;;divenbotufuo;;divenbotufuo;dizendotusu;;dizendotusu;;;;;;;;;
grandson;;;;;;;;;;;;;;;;;;;;;;;;;;;;;;;;;;;;;;;;;;;;;;;;;;;;;;;;;;;;;;;;;;;;;;;;çunambotufuo;;çunambotufuo;çynandotusu;;çynandotusu;;;;;;;;;
husband;;;;;;;;;;;;;;;;;;;;;;;;;;;;;;;;;;;;;;;;;;;;;;;;;;;;;;;;;;;;;;;;;;;;;;;;çunçamao;;çunçamao;çynçana;;çynçana;;;;;;;;;
wife;;;;;;;;;;;;;;;;;;;;;;;;;;;;;;;;;;;;;;;;;;;;;;;;;;;;;;;;;;;;;;;;;;;;;;;;dençamao;;dençamao;dençana;;dençana;;;;;;;;;
baby;;;;;;;;;;;;;;;;;;;;;;;;;;;;;;;;;;;;;;;;;;;;;;;;;;;;;;;;;;;;;;;;;;;;;;;;vibi;;vibi;vide;;vide;;;;;;;;;
to marry;;;;;;;;;;;;;;;;;;;;;;;;;;;;;;;;;;;;;;;;;;;;;;;;;;;;;;;;;;;;;;;;;;;;;;;;sojunju;;sojunju;soʝynʝy;;soʝynʝy;;;;;;;;;
nephew;;;;;;;;;;;;;;;;;;;;;;;;;;;;;;;;;;;;;;;;;;;;;;;;;;;;;;;;;;;;;;;;;;;;;;;;çuntino;;çuntino;çyntino;;çyntino;;;;;;;;;
niece;;;;;;;;;;;;;;;;;;;;;;;;;;;;;;;;;;;;;;;;;;;;;;;;;;;;;;;;;;;;;;;;;;;;;;;;dentino;;dentino;dentino;;dentino;;;;;;;;;
orphan;;;;;;;;;;;;;;;;;;;;;;;;;;;;;;;;;;;;;;;;;;;;;;;;;;;;;;;;;;;;;;;;;;;;;;;;bongəro;;bongəro;bongəro;;bongəro;;;;;;;;;
relative;;;;;;;;;;;;;;;;;;;;;;;;;;;;;;;;;;;;;;;;;;;;;;;;;;;;;;;;;;;;;;;;;;;;;;;;zøno;;zøno;zøno;;zøno;;;;;;;;;
man;;;;;;;;;;;;;;;;;;;;;;;;;;;;;;;;;;;;;;;;;;;;;;;;;;;;;;;;;;;;;;;;;;;;;;;;çuntufuo;;çuntufuo;çyntusu;;çyntusu;;;;;;;;;
woman;;;;;;;;;;;;;;;;;;;;;;;;;;;;;;;;;;;;;;;;;;;;;;;;;;;;;;;;;;;;;;;;;;;;;;;;dentufuo;;dentufuo;dentusu;;dentusu;;;;;;;;;
donkey;;;;;;;;;;;;;;;;;;;;;;;;;;;;;;;;;;;;;;;;;;;;;;;;;;;;;;;;;;;;;;;;;;;;;;;;nubneo;;nubneo;nudne;;nudne;;;;;;;;;
bear;;;;;;;;;;;;;;;;;;;;;;;;;;;;;;;;;;;;;;;;;;;;;;;;;;;;;;;;;;;;;;;;;;;;;;;;çoureo;;çoureo;çøure;;çøure;;;;;;;;;
bee;;;;;;;;;;;;;;;;;;;;;;;;;;;;;;;;;;;;;;;;;;;;;bbaa;solar;bbaa;;;;;;;;;;;;;;;;;;;;;;;;;zuzo;;zuzo;zuzo;;zuzo;;;;;;;;;
deer;;;;;;;;;;;;;;;;;;;;;;;;;;;;;;;;;;;;;;;;;;;;;;;;;;;;;;;;;;;;;;;;;;;;;;;;papo;;papo;pato;;pato;;;;;;;;;
kitten;;;;;;;;;;;;;;;;;;;;;;;;;;;;;;;;;;;;;;;;;;;;;;;;;;;;;;;;;;;;;;;;;;;;;;;;ømtjorio;;ømtjorio;øntʝøri;;øntʝøri;;;;;;;;;
chicken;;;;;;;;;;;;;;;;;;;;;;;;;;;;;;;;;;;;;;;;;;;;;;;;;;;;;;;;;;;;;;;;;;;;;;;;kukao;;kukao;kuka;;kuka;;;;;;;;;
dog;;;;;;;;;;;;;;;;;;;;;;;;;;;;;;;;;;;;;;;;;;;;;bakada;solar;bakada;;;;;;;;;;;;;;;;;;;;;;;;;funao;;funao;funa;;funa;;;;;;;;;
puppy;;;;;;;;;;;;;;;;;;;;;;;;;;;;;;;;;;;;;;;;;;;;;;;;;;;;;;;;;;;;;;;;;;;;;;;;funatjorio;;funatjorio;funatʝøri;;funatʝøri;;;;;;;;;
duckling;;;;;;;;;;;;;;;;;;;;;;;;;;;;;;;;;;;;;;;;;;;;;;;;;;;;;;;;;;;;;;;;;;;;;;;;kaekaetjorio;;kaekaetjorio;kaekaetʝøri;;kaekaetʝøri;;;;;;;;;
fish;japle;;japle;;;;;;;;;;;;;;;;;;;;;;;;;;;;;;;;;;;;;;;;;;shitusu;underwater;shitusu;;;;;;;;;;;;;;;;;;;;;;;;;çøʙo;TODO: lots of species;çøʙo;çøro;TODO: lots of species;çøro;;;;;;;;;
fly;;;;;;;;;;;;;;;;;;;;;;;;;;;;;;;;;;;;;;;;;;;;;ázguga;solar;ázguga;;;;;;;;;;;;;;;;;;;;;;;;;suso;;suso;suso;;suso;;;;;;;;;
fox;;;;;;;;;;;;;;;;;;;;;;;;;;;;;;;;;;;;;;;;;;;;;;;;;;;;;;;;;;;;;;;;;;;;;;;;aɟo;;aɟo;aɟø;;aɟø;;;;;;;;;
goat;;;;;;;;;;;;;;;;;;;;;;;;;;;;;;;;;;;;;;;;;;;;;;;;;;;;;;;;;;;;;;;;;;;;;;;;ɲaɲao;;ɲaɲao;ɲaɲa;;ɲaɲa;;;;;;;;;
goose;;;;;;;;;;;;;;;;;;;;;;;;;;;;;;;;;;;;;;;;;;;;;vivhashö;solar;vivhashö;;;;;;;;;;;;;;;;;;;;;;;;;saekeo;;saekeo;saeke;;saeke;;;;;;;;;
herdsman;;;;;;;;;;;;;;;;;;;;;;;;;;;;;;;;;;;;;;;;;;;;;;;;;;;;;;;;;;;;;;;;;;;;;;;;mønoɲuføo;;mønoɲuføo;mønoɲysø;;mønoɲysø;;;;;;;;;
fisherman;;;;;;;;;;;;;;;;;;;;;;;;;;;;;;;;;;;;;;;;;;;;;;;;;;;;;;;;;;;;;;;;;;;;;;;;çøʙoɲuføo;;çøʙoɲuføo;çøroɲysø;;çøroɲysø;;;;;;;;;
insect;;;;;;;;;;;;;;;;;;;;;;;;;;;;;;;;;;;;;;;;;;;;;;;;;;;;;;;;;;;;;;;;;;;;;;;;tmitmi;;tmitmi;tnitne;;tnitne;;;;;;;;;
livestock;;;;;;;;;;;;;;;;;;;;;;;;;;;;;;;;;;;;;;;;;;;;;;;;;;;;;;;;;;;;;;;;;;;;;;;;mønoneçeo;;mønoneçeo;mønoneçe;;mønoneçe;;;;;;;;;
manure;;;;;;;;;;;;;;;;;;;;;;;;;;;;;;;;;;;;;;;;;;;;;;;;;;;;;;;;;;;;;;;;;;;;;;;;porote;;porote;porota;;porota;;;;;;;;;
mouse;;;;;;;;;;;;;;;;;;;;;;;;;;;;;;;;;;;;;;;;;;;;;;;;;;;;;;;;;;;;;;;;;;;;;;;;ksyksy;;ksyksy;ksyksy;;ksyksy;;;;;;;;;
rat;;;;;;;;;;;;;;;;;;;;;;;;;;;;;;;;;;;;;;;;;;;;;;;;;;;;;;;;;;;;;;;;;;;;;;;;ksokso;;ksokso;ksokso;;ksokso;;;;;;;;;
pasture;;;;;;;;;;;;;;;;;;;;;;;;;;;;;;;;;;;;;;;;;;;;;;;;;;;;;;;;;;;;;;;;;;;;;;;;iɲuxon;;iɲuxon;iɲyxon;;iɲyxon;;;;;;;;;
pig;;;;;;;;;;;;;;;;;;;;;;;;;;;;;;;;;;;;;;;;;;;;;öötü;underground;öötü;;;;;;;;;;;;;;;;;;;;;;;;;ønyo;;ønyo;øny;;øny;;;;;;;;;
piglet;;;;;;;;;;;;;;;;;;;;;;;;;;;;;;;;;;;;;;;;;;;;;;;;;;;;;;;;;;;;;;;;;;;;;;;;ønytjorio;;ønytjorio;ønytʝøri;;ønytʝøri;;;;;;;;;
sheep;;;;;;;;;;;;;;;;;;;;;;;;;;;;;;;;;;;;;;;;;;;;;;;;;;;;;;;;;;;;;;;;;;;;;;;;enøenøo;;enøenøo;enøenø;;enøenø;;;;;;;;;
stable;;;;;;;;;;;;;;;;;;;;;;;;;;;;;;;;;;;;;;;;;;;;;;;;;;;;;;;;;;;;;;;;;;;;;;;;ririxea;;ririxea;ririxeə;;ririxeə;;;;;;;;;
wing;;;;;;;;;;;;;;;;;;;;;;;;;;;;;;;;;;;;;;;;;;;;;;;;;;;;;;;;;;;;;;;;;;;;;;;;oaçe;;oaçe;oaça;;oaça;;;;;;;;;
wolf;;;;;;;;;;;;;;;;;;;;;;;;;;;;;;;;;;;;;;;;;;;;;;;;;;;;;;;;;;;;;;;;;;;;;;;;giʙuo;;giʙuo;giru;;giru;;;;;;;;;
worm;;;;;;;;;;;;;;;;;;;;;;;;;;;;;;;;;;;;;;;;;;;;;;;;;;;;;;;;;;;;;;;;;;;;;;;;mønio;;mønio;møni;;møni;;;;;;;;;
village;;;;;;;;;;;;;;;;;;;;;;;;;;;;;;;;;;;;;;;;;;;;;;;;;;;;;;;;;;;;;;;;;;;;;;;;çømke;;çømke;çønka;;çønka;;;;;;;;;
bend;;;;;;;;;;;;;;;;;;;;;;;;;;;;;;;;;;;;;;;;;;;;;;;;;;;;;;;;;;;;;;;;;;;;;;;;ʙiri;;ʙiri;ʙire;;ʙire;;;;;;;;;
turn;;;;;;;;;;;;;;;;;;;;;;;;;;;;;;;;;;;;;;;;;;;;;;;;;;;;;;;;;;;;;;;;;;;;;;;;ʙiri;;ʙiri;ʙire;;ʙire;;;;;;;;;
money;titoþa;;titoþa;noun;;;;;;;;;;;;;;;;;;;;;;;;;;;;;;;;;;;;;;;;;;;;;;;;;;;;;;;;;;;;;;;;;;;;;;;;;;;;;;;;;;
wealth;titoþagli;;titoþagli;noun;;;;;;;;;;;;;;;;;;;;;;;;;;;;;;;;;;;;;;;;;;;;;;;;;;;;;;;;;;;;;;;;;;;;;;;;;;;;;;;;;;
parliament;pazadapalavi;;pazadapalavi;noun;;;;;;;;šoya;;šoya;;;;;;;;;;;;;;;;;;;;;;;;;;;;;;;;;;;;;;;;;;;;;;;;;;;;;;;;;;;;;;;;;;;;;;;;
monarch;þenat;;þenat;noun;;;;;;;;;;;;;;;;;;;;;;;;;;;;;;;;;;;;;;;;;;;;;;;;;;;;;;;;;;;;;;;;;;;;;;;;;;;;;;;;;;
king;þenatlan;;þenatlan;noun;;;;;;;;;;;;;;deinō;animate, -z;deinō;desɲos;;desɲos;;;;;;;;;;;;;;;;;;;;;;;;;;;;;;;;;;;;;;;;;;;;;;;;;;;;;;;;;;;;;;;
queen;þenatðra;;þenatðra;noun;;;;;;;;;;;;;;;;;;;;;;;;;;;;;;;;;;;;;;;;;;;;;;;;;;;;;;;;;;;;;;;;;;;;;;;;;;;;;;;;;;
kingdom;plimotemadþenat;;plimotemadþenat;noun;;;;;;;;;;;;;;;;;;;;;;;;;;;;;;;;;;;;;;;;;vhüj;solar or lunar, depending on speaker;vhüj;;;;;;;;;;neeedñusaa;plural -ya;neeedñusaa;;;;;;;;;;;;;;;;;;;;;;;;;;;
free;grað;;grað;noun;;;;;;;;;;;;;;;;;;;;orèšte;;orèšte;;;;oréšti;;oréšti;;;;;;;;;;;;;;;;;;;;;;;;;;;;;;;;;;;;;;;;;;;;;;;;;;;;;;
expert;;;;;;;;;;;;;;;;;;;;;;;;gamare;;gamare;;;;gamaro;;gamaro;;;;;;;;;;;;;;;;;;;;;;;;;;;;;;;;;;;;;;;;;;;;;;;;;;;;;;
out;teñe;;teñe;preposition;;;;;;;;;;;;;;;;;;;;;;;;;;;;;;;;;;;;;;;;;;;;;;;;;;;;;;;;;;;;;;;;;;;;;;;;;;;;;;;;;;
governor-general;tiþenat;;tiþenat;noun;;;;;;;;;;;;;;;;;;;;;;;;;;;;;;;;;;;;;;;;;;;;;;;;;;;;;;;;;;;;;;;;;;;;;;;;;;;;;;;;;;
side (of shape);blom;;blom;noun;;;;;;;;;;;;;;;;;;;;;;;;;;;;;;;;;;;;;;;;;;;;;;;;;;;;;;;;;;;;;;;;;;;;;;;;;;;;;;;;;;
triangle;tesblom;;tesblom;noun;;;;;;;;;;;;;;;;;;;;;;;;;;;;;;;;;;;;;;;;;;;;;;;;;;;;;;;;;;;;;;;;;;;;;;;;;;;;;;;;;;
square;caþblom;;caþblom;noun;;;;;;;;;;;;;;;;;;;;;;;;;;;;;;;;;;;;;;;;;;;;;;;;;;;;;;;;;;;;;;;;;;;;;;;;;;;;;;;;;;
pentagon;seblom;;seblom;noun;;;;;;;;;;;;;;;;;;;;;;;;;;;;;;;;;;;;;;;;;;;;;;;;;;;;;;;;;;;;;;;;;;;;;;;;;;;;;;;;;;
hexagon;sizblom;;sizblom;noun;;;;;;;;;;;;;;;;;;;;;;;;;;;;;;;;;;;;;;;;;;;;;;;;;;;;;;;;;;;;;;;;;;;;;;;;;;;;;;;;;;
septagon;postblom;;postblom;noun;;;;;;;;;;;;;;;;;;;;;;;;;;;;;;;;;;;;;;;;;;;;;;;;;;;;;;;;;;;;;;;;;;;;;;;;;;;;;;;;;;
octagon;ileablom;;ileablom;noun;;;;;;;;;;;;;;;;;;;;;;;;;;;;;;;;;;;;;;;;;;;;;;;;;;;;;;;;;;;;;;;;;;;;;;;;;;;;;;;;;;
peace;pegar;;pegar;noun;;;;;;;;;;;;;;;;;;;;;;;;;;;;;;;;;;;;;;;;;;;;;;;;;;;;;;;;;;;;;;;;;;;;;;;;;;;;;;;;;;
lord;tlamo;;tlamo;noun;;;;;;;;;;;;;;;;;;;;;;;;;;;;;;;;;;;;;;;;;;;;;;;;;;;;;;;;;;;;;;;;;;;;;;;;;;;;;;;;;;
lady;tlamoðra;;tlamoðra;noun;;;;;;;;;;;;;;;;;;;;;;;;;;;;;;;;;;;;;;;;;;;;;;;;;;;;;;;;;;;;;;;;;;;;;;;;;;;;;;;;;;
lord;tlamolan;;tlamolan;noun;;;;;;;;;;;;;;;;;;;;;;;;;;;;;;;;;;;;;;;;;;;;;;;;;;;;;;;;;;;;;;;;;;;;;;;;;;;;;;;;;;
minister;tlamoini;;tlamoini;noun;;;;;;;;;;;;;;;;;;;;;;;;;;;;;;;;;;;;;;;;;;;;;;;;;;;;;;;;;;;;;;;;;;;;;;;;;;;;;;;;;;
prime minister;tlamoini on;;tlamoini on;noun;;;;;;;;;;;;;;;;;;;;;;;;;;;;;;;;;;;;;;;;;;;;;;;;;;;;;;;;;;;;;;;;;;;;;;;;;;;;;;;;;;
beyond;poltno;;poltno;adverb;;;;;;;;;;;;;;;;;;;;;;;;;;;;;;;;;;;;;;;;;;;;;;;;;;;;;;;;;;;;;;;;;;;;;;;;;;;;;;;;;;
exercise;etlave;;etlave;noun;;;;;;;;;;;;;;;;;;;;;;;;;;;;;;;;;;;;;;;;;;;;;;;;;;;;;;;;;;;;;;;;;;;;;;;;;;;;;;;;;;
paragraph;mjara;;mjara;noun;;;;;;;;;;;;;;;;;;;;;;;;;;;;;;;;;;;;;;;;;;;;;;;;;;;;;;;;;;;;;;;;;;;;;;;;;;;;;;;;;;
thing;þodgo;;þodgo;noun;;;;;;;;;;;;;;;;;;;;;;;;;;;;;;;;;;;;;;;;;;;;zhi zhi;go yazhiká;ži ži;;;;;;;;;;;;;;;;;;;;;;;;;;;;;;;;;;;;
any;vla;;vla;adjective;;;;;;;;;;;;;;;;;;;;;;;;;;;;;;;;;;;;;;;;;;;;;;;;;;;;;;;;;;;;;;;;;;;;;;;;;;;;;;;;;;
thank you;tle;;tle;interjection;;;;;;;;;;;;;;;;;;;;;;;;;;;;;;;;;;;;;;;;;;;;;;;;;;;;;;;;;;;;;;;;;;;;;;;;;;;;;;;;;;
thanks;tle;;tle;interjection;;;;;;;;;;;;;;;;;;;;;;;;;;;;;;;;;;;;;;;;;;;;;;;;;;;;;;;;;;;;;;;;;;;;;;;;;;;;;;;;;;
nice;tivli;;tivli;adjective;;;;;;;;;;;;;;;;;;;;;;;;;;;;;;;;;;;;;;;;;;;;;;;;;;;;;;;;;;;;;;;;;;;;;;;;;;;;;;;;;;
to meet;aconta;;aconta;verb;;;;;;;;;;;;;;;;;;;;;;;;;;;;;;;;;;;;;;;;;;;;;;;;;;;;;;;;;;;;;;;;;;;;;;;;;;;;;;;;;;
alphabet;loplo;;loplo;noun;;;;;;;;;;;;;;;;;;;;;;;;;;;;;;;;;;;;;;;;;;;;;;;;;;;;;;;;;;;;;;;;;;;;;;;;;;;;;;;;;;
letter (of the alphabet);plo;;plo;noun;;;;;;;;;;;;;;;;;;;;;;;;;;;;;;;;;;;;;;;;;;;;;;;;;;;;;;;;;;;;;;;;;;;;;;;;;;;;;;;;;;
shop;heþod;;heþod;noun;;;;;;;;;;;;;;;;;;;;;;;;;;;;;;;;;;;;;;;;;;;;;;;;;;;;;;;;;;;;;;;;;;;;;;;;;;;;;;;;;;
tall;tlonbo;;tlonbo;adjective;;;;;;;;;;;;;;;;;;;;;;;;;;;;;;;;;;;;;;;;;;;;;;;;;;;;;;;;;;;;;;;;;;;;;;;;;;;;;;;;;;
short;eveni;;eveni;adjective;;;;;;;;;;;;;;;;;;;;;;;;;;;;;;;;;;;;;;;;;;;;;;;;;;;;;;;;;;;;;;;;;;;;;;;;;;;;;;;;;;
volume (of books);botlo;;botlo;noun;;;;;;;;;;;;;;;;;;;;;;;;;;;;;;;;;;;;;;;;;;;;;;;;;;;;;;;;;;;;;;;;;;;;;;;;;;;;;;;;;;
to belong;azuþfa;;azuþfa;verb;;;;;;;;;;;;;;;;;;;;;;;;;;;;;;;;;;;;;;;;;;;;;;;;;;;;;;;;;;;;;;;;;;;;;;;;;;;;;;;;;;
room;pluctuc;;pluctuc;noun;;;;;;;;;;;;;;;;;;;;;;;;;;;;;;;;;;;;;;;;;;;;;;;;;;;;;;;;;;;;;;;;;;;;;;;;;;;;;;;;;;
to sleep;ezuzu;;ezuzu;verb;;;;;;;;;;;;;;;;;;;;;;;;;;;;;;;;;;;;;;;;;;;;;;;;;;;;;;;;;;;;;;;;;;;;;;;;;;;;;;;;;;
to clean;añatluvo;;añatluvo;verb;;;;;;;;;;;;;;;;;;;;;;;;;;;;;;;;;;;;;;;;;;;;;;;;;;;;;;;;;;;;;;;;;;;;;;;;;;;;;;;;;;
hunger;ofete;;ofete;noun;;;;;;;;;;;;;;;;;;;;;;;;;;;;;;;;;;;;;;;;;;;;;;;;;;;;;;;;;;;;;;;;;;;;;;;;;;;;;;;;;;
apple;apala;;apala;noun;;;;;;;;;;;;;;;;;;;;;;;;;;;;;;;;;;;;;;;;;;;;;;;;;;;;;;;;;;;;;;;;;;;;;;;;;;;;;;;;;;
carrot;gecru;;gecru;noun;;;;;;;;;;;;;;;;;;;;;;;;;;;;;;;;;;;;;;;;;;;;;;;;;;;;;;;;;;;;;;;;;;;;;;;;;;;;;;;;;;
salad;veðotem;;veðotem;noun;;;;;;;;;;;;;;;;;;;;;;;;;;;;;;;;;;;;;;;;;;;;;;;;;;;;;;;;;;;;;;;;;;;;;;;;;;;;;;;;;;
meat;fliat;;fliat;noun;;;;;;;;;;;;;;;;;;;;;;;;;;;;;;;;;;;;;;;;;;;;;;;;;;;;;;;;;;;;;;;;;;;;;;;;;;;;;;;;;;
cheese;cici;;cici;noun;;;;;;;;;;;;;;;;;;;;;;;;;;;;;;;;;;;;;;;;;;;;;;;;;;;;;;;;;;;;;;;;;;;;;;;;;;;;;;;;;;
industry;atediðiñe;;atediðiñe;noun;;;;;;;;;;;;;;;;;;;;;;;;;;;;;;;;;;;;;;;;;;;;;;;;;;;;;;;;;;;;;;;;;;;;;;;;;;;;;;;;;;
pace;calej;used as unit of length;calej;noun;;;;;;;;;;;;;;;;;;;;;;;;;;;;;;;;;;;;;;;;;;;;;;;;;;;;;;;;;;;;;;;;;;;;;;;;;;;;;;;;;;
comma;putlin;;putlin;noun;;;;;;;;;;;;;;;;;;;;;;;;;;;;;;;;;;;;;;;;;;;;;;;;;;;;;;;;;;;;;;;;;;;;;;;;;;;;;;;;;;
street;gan;placed before street name;gan;noun;;;;;;;;;;;;;;;;;;;;;;;;;;;;;;;;;;;;;;;;;;;;;;;;;;;;;;;;;;;;;;;;;;;;;;;;;;;;;;;;;;
shadow;oðlo;;oðlo;noun;;;;;;;;;;;;;;;;;;;;;;;;;;;;;;;;;;;;;;;;;;;;;;;;;;;;;;;;;;;;;;;;;;;;;;;;;;;;;;;;;;
weapon;claco;;claco;noun;;;;;;;;;;;;;;;;;;;;;;;;;;;;;;;;;;;;;;;;;;;;;;;;;;;;;;;;;;;;;;;;;;;;;;;;;;;;;;;;;;
day sky;;;;;;;;;;;;;;;;;;;;;;;;;;;;;;;;;;;;;;;;;;;;;;;;;;;;;;;;;;;;;;;;;;;;;;;;;;;;;;ɾokuva;;ɾokuva;ɾkáv;;ɾkáv;;;
night sky;;;;;;;;;;;;;;;;;;;;;;;;;;;;;;;;;;;;;;;;;;;;;;;;;;;;;;;;;;;;;;;;;;;;;;;;;;;;;;eʃeçe;;eʃeçe;oeʒóemaço;;oeʒóemaço;;;
we (inclusive);;;;;;;;;;;;;;;;;;;;;;;;;;;;;;;;;;;;;;;;;;;;;;;;;;;;;;;;;;;;;;;;;;;;;;;;;;;;;;fe;;fe;fóem;;fóem;;;
we (exclusive);;;;;;;;;;;;;;;;;;;;;;;;;;;;;;;;;;;;;;;;;;;;;;;;;;;;;;;;;;;;;;;;;;;;;;;;;;;;;;xe;;xe;xóem;;xóem;;;
you;;;;;;;;;;;;;;;;;;;;;;;;;;;;;;;;;;;;;;;;;;;;;;;;;;;;;;;;;;;;;;;;;;;;;;;;;;;;;;jo;;jo;ʝó;;ʝó;;;
he/she/it/they;;;;;;;;;;;;;;;;;;;;;;;;;;;;;;;;;;;;;;;;;;;;;;;;;;;;;;;;;;;;;;;;;;;;;;;;;;;;;;ho;;ho;hó;;hó;;;
to translate;evlini;;evlini;verb;;;;;;;;;;;;;;;;;;;;;;;;;;;;;;;;;;;;;;;;;;;;;;;;;;;;;;;;;;;;;;;;;;;;;;;;;;;;;;;;;;
translation;evlini;;evlini;noun;;;;;;;;;;;;;;;;;;;;;;;;;;;;;;;;;;;;;;;;;;;;;;;;;;;;;;;;;;;;;;;;;;;;;;;;;;;;;;;;;;
seed;platla;;platla;noun;;;;;;;;;;;;;;;;;;;;;;;;;;;;;;;;;;;;;;;;;;;;;;;;;;;;;;;;;;;;;;;;;;;;;;;;;;;;;;;;;;
ruby;lizeþod;;lizeþod;noun;;;;;;;;;;;;;;;;;;;;;;;;;;;;;;;;;;;;;;;;;;;;ya sizetó;go numúge;ya sizeto;;;;;;;;;;;;;;;;;;;;;;;;;;;;;;;;;;;;
opal;nolizeþod;;nolizeþod;noun;;;;;;;;;;;;;;;;;;;;;;;;;;;;;;;;;;;;;;;;;;;;;;;;;;;;;;;;;;;;;;;;;;;;;;;;;;;;;;;;;;
breath;hose;;hose;noun;;;;;;;;;;;;;;;;;;;;;;;;;;;;;;;;;;;;;;;;;;;;;;;;;;;;;;;;;;;;;;;;;;;;;;;;;;;;;;;;;;
to breathe;ahose;;ahose;verb;;;;;;;;;;;;;;;;;;;;;;;;;;;;;;;;;;;;;;;;;;;;;;;;;;;;;;;;;;;;;;;;;;;;;;;;;;;;;;;;;;
world;ivusle;;ivusle;noun;;;;;;;;;;;;;;;;;;;;;;;;;;;;;;;;;;;;;;;;;;;;;;;;;;;;;;;;;;;;;;;;;;;;;;;;;;;;;;;;;;
to create;atlavi;;atlavi;verb;;;;;;;;;;;;;;;;;;;;;;;;;;;;;;;;;;;;;;;;;;;;;;;;;;;;;;;;;;;;;;;;;;;;;;;;;;;;;;;;;;
mouth;ecobla;;ecobla;noun;;;;;;;;;;;;;;;;;;;;;;;;;;;;;;;;;;;;;;;;;;;;;;;;;;;;;;;;;;;;;;;;;;;;;;;;;;;;;;;;;;
energy;fuwa;;fuwa;noun;;;;;;;;;;;;;;;;;;;;;;;;;;;;;;;;;;;;;;;;;;;;;;;;;;;;;;;;;;;;;;;;;;;;;;;;;;;;;;;;;;
plant;jatlap;;jatlap;noun;;;;;;;;;;;;;;;;;;;;;;;;;;;;;;;;;;;;;;;;;;;;;;;;;;;;;;;;;;;;;;;;;;;;;;;;;;;;;;;;;;
to grow;ajatlap;;ajatlap;verb;;;;;;;;;;;;;;;;;;;;;;;;;;;;;;;;;;;;;;;;;;;;;;;;;;;;;;;;;;;;;;;;;;;;;;;;;;;;;;;;;;
to plant;atililia;;atililia;verb;;;;;;;;;;;;;;;;;;;;;;;;;;;;;;;;;;;;;;;;;;;;;;;;;;;;;;;;;;;;;;;;;;;;;;;;;;;;;;;;;;
there is;otego;;otego;verb;;;;;;;;;;;;;;;;;;;;;;;;;;;;;;;;;;;;;;;;;;;;;;;;;;;;;;;;;;;;;;;;;;;;;;;;;;;;;;;;;;
type;cilu;;cilu;noun;;;;;;;;;;;;;;;;;;;;;;;;;;;;;;;;;;;;;;;;;;;;;;;;;;;;;;;;;;;;;;;;;;;;;;;;;;;;;;;;;;
hard;cronc;only in the literal sense;cronc;adjective;;;;;;;;;;;;;;;;;;;;;;;;;;;;;;;;;;;;;;;;;;;;;;;;;;;;;;;;;;;;;;;;;;;;;;;;;;;;;;;;;;
soft;liþpa;;liþpa;adjective;;;;;;;;;;;;;;;;;;;;;;;;;;;;;;;;;;;;;;;;;;;;;;;;;;;;;;;;;;;;;;;;;;;;;;;;;;;;;;;;;;
like, in the manner of;clo;;clo;preposition;;;;;;;;;;;;;;;;;;;;;;;;;;;;;;;;;;;;;;;;;;;;;;;;;;;;;;;;;;;;;;;;;;;;;;;;;;;;;;;;;;
still;aþma;;aþma;adjective;;;;;;;;;;;;;;;;;;;;;;;;;;;;;;;;;;;;;;;;;;;;;;;;;;;;;;;;;;;;;;;;;;;;;;;;;;;;;;;;;;
quiet;psipi;;psipi;adjective;;;;;;;;;;;;;;;;;;;;;;;;;;;;;;;;;;;;;;;;;;;;;;;;;;;;;;;;;;;;;;;;;;;;;;;;;;;;;;;;;;
fern;juþla;;juþla;noun;;;;;;;;;;;;;;;;;;;;;;;;;;;;;;;;;;;;;;;;;;;;;;;;;;;;;;;;;;;;;;;;;;;;;;;;;;;;;;;;;;
to cover in;anciva;;anciva;verb;;;;;;;;;;;;;;;;;;;;;;;;;;;;;;;;;;;;;;;;;;;;;;;;;;;;;;;;;;;;;;;;;;;;;;;;;;;;;;;;;;
over;seña;;seña;preposition;;;;;;;;;;;;;;;;;;;;;;;;;;;;;;;;;;;;;;;;;;;;;;;;;;;;;;;;;;;;;;;;;;;;;;;;;;;;;;;;;;
under;uña;;uña;preposition;;;;;;;;;;;;;;;;;;;;;;;;;;;;;;;;;;;;;;;;;;;;;;;;;;;;;;;;;;;;;;;;;;;;;;;;;;;;;;;;;;
to become;reða;;reða;verb;;;;;;;;;;;;;;;;;;;;;;;;;;;;;;;;;;;;;;;;;;;;;;;;;;;;;;;;;;;;;;;;;;;;;;;;;;;;;;;;;;
to die;esclop;Irregular: drop -p in absolute forms;esclop;verb;;;;;;;;;;;;;;;;;;;;;;;;;;;;;;;;;;;;;;;;;;;;;;;;;;;;;;;;;;;;;;;;;;;;;;;;;;;;;;;;;;
dilhonšel;dlehonsle;;dlehonsle;noun;;;;;;;;;;;;;;;;;;;;;;;;;;;;;;;;;;;;;;;;;;;;;;;;;;;;;;;;;;;;;;;;;;;;;;;;;;;;;;;;;;
to duplicate;bevlatado;;bevlatado;verb;;;;;;;;;;;;;;;;;;;;;;;;;;;;;;;;;;;;;;;;;;;;;;;;;;;;;;;;;;;;;;;;;;;;;;;;;;;;;;;;;;
to nap;tiezuzu;;tiezuzu;verb;;;;;;;;;;;;;;;;;;;;;;;;;;;;;;;;;;;;;;;;;;;;;;;;;;;;;;;;;;;;;;;;;;;;;;;;;;;;;;;;;;
to say;adifa;;adifa;verb;;;;;;;;;;;;;;;;;;;;;;;;;;;;;;;;;;;;;;;;;;;;püdenayá;;püdenaya;;;;;;;;;;;;;;;;;;;;;;;;;;;;;;;;;;;;
mess;hem;;hem;noun;;;;;;;;;;;;;;;;;;;;;;;;;;;;;;;;;;;;;;;;;;;;;;;;;;;;;;;;;;;;;;;;;;;;;;;;;;;;;;;;;;
to mess up;ahem;;ahem;verb;;;;;;;;;;;;;;;;;;;;;;;;;;;;;;;;;;;;;;;;;;;;;;;;;;;;;;;;;;;;;;;;;;;;;;;;;;;;;;;;;;
to wake;pezuzu;;pezuzu;verb;;;;;;;;;;;;;;;;;;;;;;;;;;;;;;;;;;;;;;;;;;;;;;;;;;;;;;;;;;;;;;;;;;;;;;;;;;;;;;;;;;
sleep;zuzu;;zuzu;noun;;;;;;;;;;;;;;;;;;;;;;;;;;;;;;;;;;;;;;;;;;;;;;;;;;;;;;;;;;;;;;;;;;;;;;;;;;;;;;;;;;
most;eðeg;;eðeg;adjective;;;;;;;;;;;;;;;;;;;;;;;;;;;;;;;;;;;;;;;;;;;;;;;;;;;;;;;;;;;;;;;;;;;;;;;;;;;;;;;;;;
slime;wasle;;wasle;noun;;;;;;;;;;;;;;;;;;;;;;;;;;;;;;;;;;;;;;;;;;;;;;;;;;;;;;;;;;;;;;;;;;;;;;;;;;;;;;;;;;
slimy;waslet;;waslet;adjective;;;;;;;;;;;;;;;;;;;;;;;;;;;;;;;;;;;;;;;;;;;;;;;;;;;;;;;;;;;;;;;;;;;;;;;;;;;;;;;;;;
chewed;þlacat;;þlacat;adjective;;;;;;;;;;;;;;;;;;;;;;;;;;;;;;;;;;;;;;;;;;;;;;;;;;;;;;;;;;;;;;;;;;;;;;;;;;;;;;;;;;
to chew;aþlacat;;aþlacat;verb;;;;;;;;;;;;;;;;;;;;;;;;;;;;;;;;;;;;;;;;;;;;;;;;;;;;;;;;;;;;;;;;;;;;;;;;;;;;;;;;;;
seaweed;blecað;;blecað;noun;;;;;;;;;;;;;;ʃoimu;animate, -d;ʃoimu;ʃosmuta;;ʃosmuta;;;;;;;;;;;;;;;;;;;;;;;;;;;;;;;;;;;;;;;;;;;;;;;;;;;;;;;;;;;;;;;
hundred;on dana;;on dana;number;;;;;;;;;;;;;;;;;;;;;;;;;;;;;;;;;;;;;;;;;;;;;;;;;;;;;;;;;;;;;;;;;;;;;;;;;;;;;;;;;;
thousand;on ñuðgli;;on ñuðgli;number;;;;;;;;;;;;;;;;;;;;;;;;;;;;;;;;;;;;;;;;;;;;;;;;;;;;;;;;;;;;;;;;;;;;;;;;;;;;;;;;;;
to protect;aslimteng;;aslimteng;verb;;;;;;;;;;;;;;;;;;;;;;;;;;;;;;;;;;;;;;;;;;;;;;;;;;;;;;;;;;;;;;;;;;;;;;;;;;;;;;;;;;
extremely;ganagli;;ganagli;adverb;;;;;;;;;;;;;;;;;;;;;;;;;;;;;;;;;;;;;;;;;;;;;;;;;;;;;;;;;;;;;;;;;;;;;;;;;;;;;;;;;;
to bite;acap;þepete verb;acap;verb;;;;;;;;;;;;;;;;;;;;;;;;;;;;;;;;;;;;;;;;;;;;;;;;;;;;;;;;;;;;;;;;;;;;;;;;;;;;;;;;;;
anger;grangrá;;grangra;noun;;;;;;;;;;;;;;;;;;;;;;;;;;;;;;;;;;;;;;;;;;;;;;;;;;;;;;;;;;;;;;;;;;;;;;;;;;;;;;;;;;
extreme;ganagli;;ganagli;adjective;;;;;;;;;;;;;;;;;;;;;;;;;;;;;;;;;;;;;;;;;;;;;;;;;;;;;;;;;;;;;;;;;;;;;;;;;;;;;;;;;;
that;cefi;not to be confused with gatla;cefi;preposition;;;;;;;;;;;;;;;;;;;;;;;;;;;;;;;;;;;;;;;;;;;;kenózo;;kenozo;;;;;;;;;;;;;;;;;;;;;;;;;;;;;;;;;;;;
always;doþme;;doþme;adverb;;;;;;;;;;;;;;;;;;;;;;;;;;;;;;;;;;;;;;;;;;;;;;;;;;;;;;;;;;;;;;;;;;;;;;;;;;;;;;;;;;
idea;fezá;;feza;noun;;;;;;;;;;;;;;;;;;;;;;;;;;;;;;;;;;;;;;;;;;;;;;;;;;;;;;;;;;;;;;;;;;;;;;;;;;;;;;;;;;
power;linjat;;linjat;noun;;;;;;;;;;;;;;;;;;;;;;;;;;;;;;;;;;;;;;;;;;;;;;;;;;;;;;;;;;;;;;;;;;;;;;;;;;;;;;;;;;
to control;añome;;añome;verb;;;;;;;;;;;;;;;;;;;;;;;;;;;;;;;;;;;;;;;;;;;;;;;;;;;;;;;;;;;;;;;;;;;;;;;;;;;;;;;;;;
fabric;renom;;renom;noun;;;;;;;;;;;;;;;;;;;;;;;;;;;;;;;;;;;;;;;;;;;;;;;;;;;;;;;;;;;;;;;;;;;;;;;;;;;;;;;;;;
to limit;ajastle;;ajastle;verb;;;;;;;;;;;;;;;;;;;;;;;;;;;;;;;;;;;;;;;;;;;;;;;;;;;;;;;;;;;;;;;;;;;;;;;;;;;;;;;;;;
to scatter;aplas;;aplas;verb;;;;;;;;;;;;;;;;;;;;;;;;;;;;;;;;;;;;;;;;;;;;;;;;;;;;;;;;;;;;;;;;;;;;;;;;;;;;;;;;;;
several;giþlada;;giþlada;adjective;;;;;;;;;;;;;;;;;;;;;;;;;;;;;;;;;;;;;;;;;;;;;;;;;;;;;;;;;;;;;;;;;;;;;;;;;;;;;;;;;;
human;buheþa;;buheþa;noun;;;;;;;;;;;;;;;;;;;;;;;;;;;;;;;;;;;;;;;;;;;;;;;;;;;;;;;;;;;;;;;;;;;;;;;;;;;;;;;;;;
sad;bligu;;bligu;adjective;;;;;;;;;;;;;;;;;;;;;;;;;;;;;;;;;;;;;;;;;;;;;;;;;;;;;;;;;;;;;;;;;;;;;;;;;;;;;;;;;;
because;pleþ;;pleþ;preposition;;;;;;;;;;;;;;;;;;;;;;;;;;;;;;;;;;;;;;;;;;;;;;;;;;;;;;;;;;;;;;;;;;;;;;;;;;;;;;;;;;
to stand;esfanap;;esfanap;verb;;;;;;;;;;;;;;;;;;;;;;;;;;;;;;;;;;;;;;;;;;;;;;;;;;;;;;;;;;;;;;;;;;;;;;;;;;;;;;;;;;
bored;zuca;;zuca;adjective;;;;;;;;;;;;;;;;;;;;;;;;;;;;;;;;;;;;;;;;;;;;;;;;;;;;;;;;;;;;;;;;;;;;;;;;;;;;;;;;;;
when;viwa;;viwa;pronoun;;;;;;;;;;;;;;;;;;;;;;;;;;;;;;;;;;;;;;;;;;;;;;;;;;;;;;;;;;;;;;;;;;;;;;;;;;;;;;;;;;
to help;ajaf;;ajaf;verb;;;;;;;;;;;;;;;;;;;;;;;;;;;;;;;;;;;;;;;;;;;;;;;;;;;;;;;;;;;;;;;;;;;;;;;;;;;;;;;;;;
help;jaf;;jaf;noun;;;;;;;;;;;;;;;;;;;;;;;;;;;;;;;;;;;;;;;;;;;;;;;;;;;;;;;;;;;;;;;;;;;;;;;;;;;;;;;;;;
same;mim;;mim;adjective;;;;;;;;;;;;;;;;;;;;;;;;;;;;;;;;;;;;;;;;;;;;;;;;;;;;;;;;;;;;;;;;;;;;;;;;;;;;;;;;;;
to forbid;atlano;;atlano;verb;;;;;;;;;;;;;;;;;;;;;;;;;;;;;;;;;;;;;;;;;;;;;;;;;;;;;;;;;;;;;;;;;;;;;;;;;;;;;;;;;;
forbidden;tlano;;tlano;adjective;;;;;;;;;;;;;;;;;;;;;;;;;;;;;;;;;;;;;;;;;;;;;;;;;;;;;;;;;;;;;;;;;;;;;;;;;;;;;;;;;;
action;plutse;;plutse;noun;;;;;;;;;;;;;;;;;;;;;;;;;;;;;;;;;;;;;;;;;;;;;;;;;;;;;;;;;;;;;;;;;;;;;;;;;;;;;;;;;;
to cry;abligu;of sadness only;abligu;verb;;;;;;;;;;;;;;;;;;;;;;;;;;;;;;;;;;;;;;;;;;;;;;;;;;;;;;;;;;;;;;;;;;;;;;;;;;;;;;;;;;
trouble;teñu;;teñu;noun;;;;;;;;;;;;;;;;;;;;;;;;;;;;;;;;;;;;;;;;;;;;;;;;;;;;;;;;;;;;;;;;;;;;;;;;;;;;;;;;;;
to demand;acazeþ;;acazeþ;verb;;;;;;;;;;;;;;;;;;;;;;;;;;;;;;;;;;;;;;;;;;;;;;;;;;;;;;;;;;;;;;;;;;;;;;;;;;;;;;;;;;
life;ðecil;;ðecil;noun;;;;;;;;;;;;;;;;;;;;;;;;;;;;;;;;;;;;;;;;;;;;;;;;;;;;;;;;;;;;;;;;;;;;;;;;;;;;;;;;;;
finite;nuñetlan;;nuñetlan;adjective;;;;;;;;;;;;;;;;;;;;;;;;;;;;;;;;;;;;;;;;;;;;;;;;;;;;;;;;;;;;;;;;;;;;;;;;;;;;;;;;;;
infinite;penuñetlan;;penuñetlan;adjective;;;;;;;;;;;;;;;;;;;;;;;;;;;;;;;;;;;;;;;;;;;;;;;;;;;;;;;;;;;;;;;;;;;;;;;;;;;;;;;;;;
wisdom;ladlog;;ladlog;noun;;;;;;;;;;;;;;;;;;;;;;;;;;;;;;;;;;;;;;;;;;;;;;;;;;;;;;;;;;;;;;;;;;;;;;;;;;;;;;;;;;
solstice;solida;;solida;noun;;;;;;;;;;;;;;;;;;;;;;;;;;;;;;;;;;;;;;;;;;;;;;;;;;;;;;;;;;;;;;;;;;;;;;;;;;;;;;;;;;
equinox;ecida;;ecida;noun;;;;;;;;;;;;;;;;;;;;;;;;;;;;;;;;;;;;;;;;;;;;;;;;;;;;;;;;;;;;;;;;;;;;;;;;;;;;;;;;;;
spring (season);tacatrið;;tacatrið;noun;;;;;;;;;;;;;;;;;;;;;;;;;;;;;;;;;;;;;;;;;;;;;;;;;;;;;;;;;;;;;;;;;;;;;;;;;;;;;;;;;;
summer;taþalo;;taþalo;noun;;;;;;;;;;;;;;;;;;;;;;;;;;;;;;;;;;;;;;;;;;;;;;;;;;;;;;;;;;;;;;;;;;;;;;;;;;;;;;;;;;
autumn;tapecatrið;;tapecatrið;noun;;;;;;;;;;;;;;;;;;;;;;;;;;;;;;;;;;;;;;;;;;;;;;;;;;;;;;;;;;;;;;;;;;;;;;;;;;;;;;;;;;
winter;tapeþalo;;tapeþalo;noun;;;;;;;;;;;;;;;;;;;;;;;;;;;;;;;;;;;;;;;;;;;;;;;;;;;;;;;;;;;;;;;;;;;;;;;;;;;;;;;;;;
event;feteplis;;feteplis;noun;;;;;;;;;;;;;;;;;;;;;;;;;;;;;;;;;;;;;;;;;;;;;;;;;;;;;;;;;;;;;;;;;;;;;;;;;;;;;;;;;;
to agree;aomvle;;aomvle;verb;;;;;;;;;;;;;;;;;;;;;;;;;;;;;;;;;;;;;;;;;;;;;;;;;;;;;;;;;;;;;;;;;;;;;;;;;;;;;;;;;;
to rule;aþenat;;aþenat;verb;;;;;;;;;;;;;;;;;;;;;;;;;;;;;;;;;;;;;;;;;;;;;;;;;;;;;;;;;;;;;;;;;;;;;;;;;;;;;;;;;;
to support;abrefa;;abrefa;verb;;;;;;;;;;;;;;;;;;;;;;;;;;;;;;;;;;;;;;;;;;;;;;;;;;;;;;;;;;;;;;;;;;;;;;;;;;;;;;;;;;
to throw;aþodzi;;aþodzi;verb;;;;;;;;;;;;;;;;;;;;;;;;;;;;;;;;;;;;;;;;;;;;züzé;;züze;;;;;;;;;;;;;;;;;;;;;;;;;;;;;;;;;;;;
to disagree;apeomvle;;apeomvle;verb;;;;;;;;;;;;;;;;;;;;;;;;;;;;;;;;;;;;;;;;;;;;;;;;;;;;;;;;;;;;;;;;;;;;;;;;;;;;;;;;;;
to like;adrefe;;adrefe;verb;;;;;;;;;;;;;;;;;;;;;;;;;;;;;;;;;;;;;;;;;;;;;;;;;;;;;;;;;;;;;;;;;;;;;;;;;;;;;;;;;;
to dislike;apedrefe;;apedrefe;verb;;;;;;;;;;;;;;;;;;;;;;;;;;;;;;;;;;;;;;;;;;;;;;;;;;;;;;;;;;;;;;;;;;;;;;;;;;;;;;;;;;
to love;adrefegli;;adrefegli;verb;;;;;;;;;;;;;;;;;;;;;;;;;;;;;;;;;;;;;;;;;;;;;;;;;;;;;;;;;;;;;;;;;;;;;;;;;;;;;;;;;;
to hate;apedrefegli;;apedrefegli;verb;;;;;;;;;;;;;;;;;;;;;;;;;;;;;;;;;;;;;;;;;;;;;;;;;;;;;;;;;;;;;;;;;;;;;;;;;;;;;;;;;;
to banish;abanac;;abanac;verb;;;;;;;;;;;;;;;;;;;;;;;;;;;;;;;;;;;;;;;;;;;;;;;;;;;;;;;;;;;;;;;;;;;;;;;;;;;;;;;;;;
nut;;;;;;;;;;;;;;;;;;quot;inanimate, -n;quot;kwotno;inanimate;kwotno;;;;;;;;;;;;;;;;;;;;;;;;;;;;;;;;;;;;;;;;;;;;;;;;;;;;;;;;;;;;;;;
to fly;awiþvla;;awiþvla;verb;;;;;;;;;;;;;;;;;;;;;;;;;;;;;;;;;;;;;;;;;;;;;;;;;;;;;;;;;;;;;;;;;;;;;;;;;;;;;;;;;;
revolution;revol;;revol;noun;;;;;;;;;;;;;;;;;;;;;;;;;;;;;;;;;;;;;;;;;;;;;;;;;;;;;;;;;;;;;;;;;;;;;;;;;;;;;;;;;;
exile;blanþa;;blanþa;noun;;;;;;;;;;;;;;;;;;;;;;;;;;;;;;;;;;;;;;;;;;;;;;;;;;;;;;;;;;;;;;;;;;;;;;;;;;;;;;;;;;
to remember;atofvej;;atofvej;verb;;;;;;;;;;;;;;;;;;;;;;;;;;;;;;;;;;;;;;;;;;;;;;;;;;;;;;;;;;;;;;;;;;;;;;;;;;;;;;;;;;
week;orbadlog;;orbadlog;noun;;;;;;;;;;;;;;;;;;;;;;;;;;;;;;;;;;;;;;;;;;;;;;;;;;;;;;;;;;;;;;;;;;;;;;;;;;;;;;;;;;
to arrive;aðratle;;aðratle;verb;;;;;;;;;;;;;;;;;;;;;;;;;;;;;;;;;;;;;;;;;;;;;;;;;;;;;;;;;;;;;;;;;;;;;;;;;;;;;;;;;;
café;ticomisra;;ticomisra;noun;;;;;;;;;;;;;;;;;;;;;;;;;;;;;;;;;;;;;;;;;;;;;;;;;;;;;;;;;;;;;;;;;;;;;;;;;;;;;;;;;;
initiation ceremony;;;;;;;;;;;;;;;;;;;;;;;;;;;;;;;;;;;;;;;;;;pänkomezjâ;Specific to the Cjoqok people;pänkomezjâ;;;;;;;;;;;;;;;;;;;;;;;;;;;;;;;;;;;;;;;;;;
version, make;bevlat;;bevlat;noun;;;;;;;;;;;;;;;;;;;;;;;;;;;;;;;;;;;;;;;;;;;;;;;;;;;;;;;;;;;;;;;;;;;;;;;;;;;;;;;;;;
error;flacretem;;flacretem;noun;;;;;;;;;;;;;;;;;;;;;;;;;;;;;;;;;;;;;;;;;;;;;;;;;;;;;;;;;;;;;;;;;;;;;;;;;;;;;;;;;;
butterfly;viavlado;;viavlado;noun;;;;;;;;;;;;;;;;;;;;;;;;;;;;;;;;;;;;;;;;;;;;;;;;;;;;;;;;;;;;;;;;;;;;;;;;;;;;;;;;;;
bilafuna (province);;;;;;;;;;;;;;;;;;;;;;;;;;;;;;;;;;;;;;;;;;;;;;;;;;;;;;;;;;;;bilafuna;;bilafuna;;;;;;;;;;;;;;;;;;;;;;;;
binozhula (province);;;;;;;;;;;;;;;;;;;;;;;;;;;;;;;;;;;;;;;;;;;;;;;;;;;;;;;;;;;;binozhula;;binožula;;;;;;;;;;;;;;;;;;;;;;;;
dilema (province);;;;;;;;;;;;;;;;;;;;;;;;;;;;;;;;;;;;;;;;;;;;;;;;;;;;;;;;;;;;dilema;;dilema;;;;;;;;;;;;;;;;;;;;;;;;
genozhula (province);;;;;;;;;;;;;;;;;;;;;;;;;;;;;;;;;;;;;;;;;;;;;;;;;;;;;;;;;;;;genozhula;;genožula;;;;;;;;;;;;;;;;;;;;;;;;
gesama (province);;;;;;;;;;;;;;;;;;;;;;;;;;;;;;;;;;;;;;;;;;;;;;;;;;;;;;;;;;;;gesama;;gesama;;;;;;;;;;;;;;;;;;;;;;;;
geshme (country);;;;;;;;;;;;;;;;;;;;;;;;;;;;;;;;;;;;;;;;;;;;;;;;;;;;;;;;;;;;geshame;;gešame;;;;;;;;;;;;;;;;;;;;;;;;
gibapela (province);;;;;;;;;;;;;;;;;;;;;;;;;;;;;;;;;;;;;;;;;;;;;;;;;;;;;;;;;;;;gibapela;;gibapela;;;;;;;;;;;;;;;;;;;;;;;;
kadebaka (province);;;;;;;;;;;;;;;;;;;;;;;;;;;;;;;;;;;;;;;;;;;;;;;;;;;;;;;;;;;;kadebaka;;kadebaka;;;;;;;;;;;;;;;;;;;;;;;;
lezhema (province);;;;;;;;;;;;;;;;;;;;;;;;;;;;;;;;;;;;;;;;;;;;;;;;;;;;;;;;;;;;lezhema;;ležema;;;;;;;;;;;;;;;;;;;;;;;;
lilema (province);;;;;;;;;;;;;;;;;;;;;;;;;;;;;;;;;;;;;;;;;;;;;;;;;;;;;;;;;;;;lilema;;lilema;;;;;;;;;;;;;;;;;;;;;;;;
luluva (province);;;;;;;;;;;;;;;;;;;;;;;;;;;;;;;;;;;;;;;;;;;;;;;;;;;;;;;;;;;;luluva;;luluva;;;;;;;;;;;;;;;;;;;;;;;;
meloma (province);;;;;;;;;;;;;;;;;;;;;;;;;;;;;;;;;;;;;;;;;;;;;;;;;;;;;;;;;;;;meloma;;meloma;;;;;;;;;;;;;;;;;;;;;;;;
panozhula (province);;;;;;;;;;;;;;;;;;;;;;;;;;;;;;;;;;;;;;;;;;;;;;;;;;;;;;;;;;;;panozhula;;panožula;;;;;;;;;;;;;;;;;;;;;;;;
salaka (capital city);;;;;;;;;;;;;;;;;;;;;;;;;;;;;;;;;;;;;;;;;;;;;;;;;;;;;;;;;;;;salaka;;salaka;;;;;;;;;;;;;;;;;;;;;;;;
shiluma (province);;;;;;;;;;;;;;;;;;;;;;;;;;;;;;;;;;;;;;;;;;;;;;;;;;;;;;;;;;;;shiluma;;šiluma;;;;;;;;;;;;;;;;;;;;;;;;
shoma (province);;;;;;;;;;;;;;;;;;;;;;;;;;;;;;;;;;;;;;;;;;;;;;;;;;;;;;;;;;;;shoma;;šoma;;;;;;;;;;;;;;;;;;;;;;;;
shomuka (city);;;;;;;;;;;;;;;;;;;;;;;;;;;;;;;;;;;;;;;;;;;;;;;;;;;;;;;;;;;;shomuka;;šomuka;;;;;;;;;;;;;;;;;;;;;;;;
telesima (province);;;;;;;;;;;;;;;;;;;;;;;;;;;;;;;;;;;;;;;;;;;;;;;;;;;;;;;;;;;;telesima;;telesima;;;;;;;;;;;;;;;;;;;;;;;;
valovala (city);;;;;;;;;;;;;;;;;;;;;;;;;;;;;;;;;;;;;;;;;;;;;;;;;;;;;;;;;;;;valovala;;valovala;;;;;;;;;;;;;;;;;;;;;;;;
spell that prevents other spells from being cast;;;;;;;;;;;;;;;;;;;;;;;;;;;;;;;;;;;;;;;;;;;;;;;;;;;;;;;;;;;;vela;;vela;;;;;;;;;;;;;;;;;;;;;;;;
wilaka (country);;;;;;;;;;;;;;;;;;;;;;;;;;;;;;;;;;;;;;;;;;;;;;;;;;;;;;;;;;;;wilaka;;wilaka;;;;;;;;;;;;;;;;;;;;;;;;
wolesa (city);;;;;;;;;;;;;;;;;;;;;;;;;;;;;;;;;;;;;;;;;;;;;;;;;;;;;;;;;;;;wolesa;;wolesa;;;;;;;;;;;;;;;;;;;;;;;;
yiliyama (city);;;;;;;;;;;;;;;;;;;;;;;;;;;;;;;;;;;;;;;;;;;;;;;;;;;;;;;;;;;;yiliyama;;yiliyama;;;;;;;;;;;;;;;;;;;;;;;;
yonesa-vakula (city);;;;;;;;;;;;;;;;;;;;;;;;;;;;;;;;;;;;;;;;;;;;;;;;;;;;;;;;;;;;yonesa-vakula;;yonesa-vakula;;;;;;;;;;;;;;;;;;;;;;;;
yonozhula (province);;;;;;;;;;;;;;;;;;;;;;;;;;;;;;;;;;;;;;;;;;;;;;;;;;;;;;;;;;;;yonozhula;;yonožula;;;;;;;;;;;;;;;;;;;;;;;;
zetema (province);;;;;;;;;;;;;;;;;;;;;;;;;;;;;;;;;;;;;;;;;;;;;;;;;;;;;;;;;;;;zetema;;zetema;;;;;;;;;;;;;;;;;;;;;;;;
lafema (province);;;;;;;;;;;;;;;;;;;;;;;;;;;;;;;;;;;;;;;;;;;;;;;;;;;;;;;;;;;;lafema;;lafema;;;;;;;;;;;;;;;;;;;;;;;;
yotema (province);;;;;;;;;;;;;;;;;;;;;;;;;;;;;;;;;;;;;;;;;;;;;;;;;;;;;;;;;;;;yotema;;yotema;;;;;;;;;;;;;;;;;;;;;;;;
zelumila (province);;;;;;;;;;;;;;;;;;;;;;;;;;;;;;;;;;;;;;;;;;;;;;;;;;;;;;;;;;;;zelumila;;zelumila;;;;;;;;;;;;;;;;;;;;;;;;
sea (in ocean);;;;;;;;;;;;;;;;;;;;;;;;;;;;;;;;;;;;;;;;;;;;;;;;;;;;;;;;;;;;pezulaga;;pezulaga;;;;;;;;;;;;;;;;;;;;;;;;
biwadena (city);;;;;;;;;;;;;;;;;;;;;;;;;;;;;;;;;;;;;;;;;;;;;;;;;;;;;;;;;;;;biwadena;;biwadena;;;;;;;;;;;;;;;;;;;;;;;;
fanulaka (city);;;;;;;;;;;;;;;;;;;;;;;;;;;;;;;;;;;;;;;;;;;;;;;;;;;;;;;;;;;;fanulaka;;fanulaka;;;;;;;;;;;;;;;;;;;;;;;;
kayota (city);;;;;;;;;;;;;;;;;;;;;;;;;;;;;;;;;;;;;;;;;;;;;;;;;;;;;;;;;;;;kayota;;kayota;;;;;;;;;;;;;;;;;;;;;;;;
yoveta (city);;;;;;;;;;;;;;;;;;;;;;;;;;;;;;;;;;;;;;;;;;;;;;;;;;;;;;;;;;;;yoveta;;yoveta;;;;;;;;;;;;;;;;;;;;;;;;
witusena (city);;;;;;;;;;;;;;;;;;;;;;;;;;;;;;;;;;;;;;;;;;;;;;;;;;;;;;;;;;;;witusena;;witusena;;;;;;;;;;;;;;;;;;;;;;;;
kadebaka (city);;;;;;;;;;;;;;;;;;;;;;;;;;;;;;;;;;;;;;;;;;;;;;;;;;;;;;;;;;;;kadebaka;;kadebaka;;;;;;;;;;;;;;;;;;;;;;;;
gelila (city);;;;;;;;;;;;;;;;;;;;;;;;;;;;;;;;;;;;;;;;;;;;;;;;;;;;;;;;;;;;gelila;;gelila;;;;;;;;;;;;;;;;;;;;;;;;
vashipega (city);;;;;;;;;;;;;;;;;;;;;;;;;;;;;;;;;;;;;;;;;;;;;;;;;;;;;;;;;;;;vashipega;;vašipega;;;;;;;;;;;;;;;;;;;;;;;;
pafoka (city);;;;;;;;;;;;;;;;;;;;;;;;;;;;;;;;;;;;;;;;;;;;;;;;;;;;;;;;;;;;pafoka;;pafoka;;;;;;;;;;;;;;;;;;;;;;;;
zhamela (city);;;;;;;;;;;;;;;;;;;;;;;;;;;;;;;;;;;;;;;;;;;;;;;;;;;;;;;;;;;;zhamela;;žamela;;;;;;;;;;;;;;;;;;;;;;;;
leshasa (city);;;;;;;;;;;;;;;;;;;;;;;;;;;;;;;;;;;;;;;;;;;;;;;;;;;;;;;;;;;;leshasa;;lešasa;;;;;;;;;;;;;;;;;;;;;;;;
yuzuna (city);;;;;;;;;;;;;;;;;;;;;;;;;;;;;;;;;;;;;;;;;;;;;;;;;;;;;;;;;;;;yuzuna;;yuzuna;;;;;;;;;;;;;;;;;;;;;;;;
labisena (city);;;;;;;;;;;;;;;;;;;;;;;;;;;;;;;;;;;;;;;;;;;;;;;;;;;;;;;;;;;;labisena;;labisena;;;;;;;;;;;;;;;;;;;;;;;;
yavalena (city);;;;;;;;;;;;;;;;;;;;;;;;;;;;;;;;;;;;;;;;;;;;;;;;;;;;;;;;;;;;yavalena;;yavalena;;;;;;;;;;;;;;;;;;;;;;;;
zhapanola (city);;;;;;;;;;;;;;;;;;;;;;;;;;;;;;;;;;;;;;;;;;;;;;;;;;;;;;;;;;;;zhapanola;;žapanola;;;;;;;;;;;;;;;;;;;;;;;;
yizila (city);;;;;;;;;;;;;;;;;;;;;;;;;;;;;;;;;;;;;;;;;;;;;;;;;;;;;;;;;;;;yizila;;yizila;;;;;;;;;;;;;;;;;;;;;;;;
yeshamesha (city);;;;;;;;;;;;;;;;;;;;;;;;;;;;;;;;;;;;;;;;;;;;;;;;;;;;;;;;;;;;yeshamesha;;yešameša;;;;;;;;;;;;;;;;;;;;;;;;
tema pa (city);;;;;;;;;;;;;;;;;;;;;;;;;;;;;;;;;;;;;;;;;;;;;;;;;;;;;;;;;;;;tema pa;;tema pa;;;;;;;;;;;;;;;;;;;;;;;;
province;;;;;;;;;;;;;;;;;;;;;;;;;;;;;;;;;;;;;;;;;;;;;;;;;;;;;;;;;;;;nozhula;;nožula;;;;;;;;;;;;;;;;;;;;;;;;
yomila (city);;;;;;;;;;;;;;;;;;;;;;;;;;;;;;;;;;;;;;;;;;;;;;;;;;;;;;;;;;;;yomila;;yomila;;;;;;;;;;;;;;;;;;;;;;;;
lovada (city);;;;;;;;;;;;;;;;;;;;;;;;;;;;;;;;;;;;;;;;;;;;;;;;;;;;;;;;;;;;lovada;;lovada;;;;;;;;;;;;;;;;;;;;;;;;
rice (grains, food);;;;;;;;;;;;;;;;;;;;;;;;;;;;;;;;;;;;;;;;;;;;;;;;;;;;;;;;;;;;lo;;lo;;;;;;;;;;;;;;;;;;;;;;;;
rice (plants);;;;;;;;;;;;;;;;;;;;;;;;;;;;;;;;;;;;;;;;;;;;;;;;;;;;;;;;;;;;lola;;lola;;;;;;;;;;;;;;;;;;;;;;;;
mebala (largest island);;;;;;;;;;;;;;;;;;;;;;;;;;;;;;;;;;;;;;;;;;;;;;;;;;;;;;;;;;;;mebala;;mebala;;;;;;;;;;;;;;;;;;;;;;;;
herb;logda;;logda;noun;;;;;;;;;;;;;;;;;;;;;;;;;;;;;;;;;;;;;;;;;;;;;;;;;;;;;;;;;;;;;;;;;;;;;;;;;;;;;;;;;;
railway;vaðon;;vaðon;noun;;;;;;;;;;;;;;;;;;;;;;;;;;;;;;;;;;;;;;;;;;;;ki badóne;go numúge;ki badone;;;;;;;;;;;;;;;;;;;;;;;;;;;;;;;;;;;;
fast;remta;;remta;adjective;;;;;;;;;;;;;;;;;;;;;;;;;;;;;;;;;;;;;;;;;;;;;;;;;;;;;;;;;;;;;;;;;;;;;;;;;;;;;;;;;;
slow;lorta;;lorta;adjective;;;;;;;;;;;;;;;;;;;;;;;;;;;;;;;;;;;;;;;;;;;;;;;;;;;;;;;;;;;;;;;;;;;;;;;;;;;;;;;;;;
army;þmagar;;þmagar;noun;;;;;;;;;;;;;;;;;;;;;;;;;;;;;;;;;;;;;;;;;;;;;;;;;;;;;;;;;;;;;;;;;;;;;;;;;;;;;;;;;;
student;sececlohé;;sececlohe;noun;;;;;;;;;;;;;;;;;;;;;;;;;;;;;;;;;;;;;;;;;;;;;;;;;;;;;;;;;;;;;;;;;;;;;;;;;;;;;;;;;;
temple;tortes;;tortes;noun;;;;;;;;;;;;;;qua;magic, -n;qua;akwani;;akwani;;;;;;;;;;;;;;;;;;;;;;;;;;;;;;;;;;;;;;;;;;;;;;;;;;;;;;;;;;;;;;;
observatory;;;;;;;;;;;;;;;;;;vəʒurnī;inanimate, -z;vəʒurnī;;;;;;;;;;;;;;;;;;;;;;;;;;;;;;;;;;;;;;;;;;;;;;;;;;;;;;;;;;;;;;;;;;
basic unit of weight;zep;;zep;noun;;;;;;;;;;;;;;;;;;;;;;;;;;;;;;;;;;;;;;;;;;;;;;;;;;;;;;;;;;;;;;;;;;;;;;;;;;;;;;;;;;
transfeminine;veðra;;veðra;adjective;;;;;;;;;;;;;;;;;;;;;;;;;;;;;;;;;;;;;;;;;;;;;;;;;;;;;;;;;;;;;;;;;;;;;;;;;;;;;;;;;;
transmasculine;velan;;velan;adjective;;;;;;;;;;;;;;;;;;;;;;;;;;;;;;;;;;;;;;;;;;;;;;;;;;;;;;;;;;;;;;;;;;;;;;;;;;;;;;;;;;
agender;vepedera;;vepedera;adjective;;;;;;;;;;;;;;;;;;;;;;;;;;;;;;;;;;;;;;;;;;;;;;;;;;;;;;;;;;;;;;;;;;;;;;;;;;;;;;;;;;
pangender;vedera;;vedera;adjective;;;;;;;;;;;;;;;;;;;;;;;;;;;;;;;;;;;;;;;;;;;;;;;;;;;;;;;;;;;;;;;;;;;;;;;;;;;;;;;;;;
transgender;vini;;vini;adjective;;;;;;;;;;;;;;;;;;;;;;;;;;;;;;;;;;;;;;;;;;;;;;;;;;;;;;;;;;;;;;;;;;;;;;;;;;;;;;;;;;
trans woman;veðra;;veðra;noun;;;;;;;;;;;;;;;;;;;;;;;;;;;;;;;;;;;;;;;;;;;;;;;;;;;;;;;;;;;;;;;;;;;;;;;;;;;;;;;;;;
trans man;velan;;velan;noun;;;;;;;;;;;;;;;;;;;;;;;;;;;;;;;;;;;;;;;;;;;;;;;;;;;;;;;;;;;;;;;;;;;;;;;;;;;;;;;;;;
agender person;vepedera;;vepedera;noun;;;;;;;;;;;;;;;;;;;;;;;;;;;;;;;;;;;;;;;;;;;;;;;;;;;;;;;;;;;;;;;;;;;;;;;;;;;;;;;;;;
pangender person;vedera;;vedera;noun;;;;;;;;;;;;;;;;;;;;;;;;;;;;;;;;;;;;;;;;;;;;;;;;;;;;;;;;;;;;;;;;;;;;;;;;;;;;;;;;;;
transgender person;vini;;vini;noun;;;;;;;;;;;;;;;;;;;;;;;;;;;;;;;;;;;;;;;;;;;;;;;;;;;;;;;;;;;;;;;;;;;;;;;;;;;;;;;;;;
explorer;vini;;vini;noun;;;;;;;;;;;;;;;;;;;;;;;;;;;;;;;;;;;;;;;;;;;;;;;;;;;;;;;;;;;;;;;;;;;;;;;;;;;;;;;;;;
handsaw;;;;;;;;;;;;tinvonren;;tinvonren;;;;;;;;;;;;;;;;;;;;;;;;;;;;;;;;;;;;;;;;;;;;;;;;;;;;;;;;;;;;;;;;;;;;;;;;
pot;;;;;;;;;;;;bidyolun;;bidyolun;;;;;;;;;;;;;;;;;;;;;;;;;;;;;;;;;;;;;;;;;;;;;;;;;;;;;;;;;;;;;;;;;;;;;;;;
bull;;;;;;;;;;;;du;;du;;;;;;;;;;;;;;;;;;;;;;;;;;;;;;;;;;;;;;;;;;;;;;;;;;;;;;;;;;;;;;;;;;;;;;;;
river;voltom;must lead to ocean;voltom;noun;;;;;;;;;;;;;;;;;;;;;;;;;;;;;;;;;;;;;;;;;;;;;;;;;;;;;tri;;tri;;;;;;;;;;;;;;;;;;;;;;;;;;;
so, um;a;filler word;a;filler word;;;;;;;;;;;;;;;;;;;;;;;;;;;;;;;;;;;;;;;;;;;;inó;;ino;;;;;;;;;;;;;;;;;;;;;;;;;;;;;;;;;;;;
to feel;awal;;awal;verb;;;;;;;;;;;;;;;;;;;;;;;;;;;;;;;;;;;;;;;;;;;;zhasité;;žasite;;;;;;;;;;;;;;;;;;;;;;;;;;;;;;;;;;;;
to worry;erere;;erere;verb;;;;;;;;;;;;;;;;;;;;;;;;;;;;;;;;;;;;;;;;;;;;;;;;;;;;;;;;;;;;;;;;;;;;;;;;;;;;;;;;;;
to hear;amupa;;amupa;verb;;;;;;;;;;;;;;;;;;;;;;;;;;;;;;;;;;;;;;;;;;;;;;;;;;;;;;;;;;;;;;;;;;;;;;;;;;;;;;;;;;
home;pazaðri;;pazaðri;noun;;;;;;;;;;;;;;;;;;;;;;;;;;;;;;;;;;;;;;;;;;;;;;;;;;;;;;;;;;;;;;;;;;;;;;;;;;;;;;;;;;
person;zeþlada;;zeþlada;noun;;;;;;;;;;;;;;;;;;;;;;;;;;;;;;;;;;;;;;;;;;;;;;;;;;;;;;;;;;;;;;;;;;;;;;;;;;;;;;;;;;
why;vija;;vija;pronoun;;;;;;;;;;;;;;;;;;;;;;;;;;;;;;;;;;;;;;;;;;;;;;;;;;;;;;;;;;;;;;;;;;;;;;;;;;;;;;;;;;
never;pedoþme;;pedoþme;adverb;;;;;;;;;;;;;;;;;;;;;;;;;;;;;;;;;;;;;;;;;;;;;;;;;;;;;;;;;;;;;;;;;;;;;;;;;;;;;;;;;;
difficult;uscro;;uscro;adjective;;;;;;;;;;;;;;;;;;;;;;;;;;;;;;;;;;;;;;;;;;;;;;;;;;;;;;;;;;;;;;;;;;;;;;;;;;;;;;;;;;
sweet berries from Lower Grèsent;becisua;;becisua;noun;;;;;;;;;;;;;;;;;;;;;;;bēikisūa;;bēikisūa;beréksuna;;beréksuna;;;;;;;;;;;;;;;;;;;;;;;;;;;;;;;;;;;;;;;;;;;;;;;;;;;;;;
milk;blasa;;blasa;noun;;;;;;;;;;;;;;;;;;;;;;;;;;;;;;;;;;;;;;;;;;;;;;;;;;;;;;;;;;;;;;;;;;;;;;;;;;;;;;;;;;
to freeze;afawiþi;;afawiþi;verb;;;;;;;;;;;;;;;;;;;;;;;;;;;;;;;;;;;;;;;;;;;;;;;;;;;;;;;;;;;;;;;;;;;;;;;;;;;;;;;;;;
diary;adedanet;;adedanet;noun;;;;;;;;;;;;;;;;;;;;;;;;;;;;;;;;;;;;;;;;;;;;;;;;;;;;;;;;;;;;;;;;;;;;;;;;;;;;;;;;;;
to befriend;ablimi;;ablimi;verb;;;;;;;;;;;;;;;;;;;;;;;;;;;;;;;;;;;;;;;;;;;;;;;;;;;;;;;;;;;;;;;;;;;;;;;;;;;;;;;;;;
class;sececlon;;sececlon;noun;;;;;;;;;;;;;;;;;;;;;;;;;;;;;;;;;;;;;;;;;;;;;;;;;;;;;;;;;;;;;;;;;;;;;;;;;;;;;;;;;;
eventful day;dagli;;dagli;noun;;;;;;;;;;;;;;;;;;;;;;;;;;;;;;;;;;;;;;;;;;;;;;;;;;;;;;;;;;;;;;;;;;;;;;;;;;;;;;;;;;
story;zwaþ;;zwaþ;noun;;;;;;;;;;;;;;;;;;;;;;;;;;;;;;;;;;;;;;;;;;;;zhi nimúshe;go yazhiká;ži nimuše;;;;;;;;;;;;;;;;;;;;;;;;;;;;;;;;;;;;
to tell a story;azwaþ;;azwaþ;verb;;;;;;;;;;;;;;;;;;;;;;;;;;;;;;;;;;;;;;;;;;;;;;;;;;;;;;;;;;;;;;;;;;;;;;;;;;;;;;;;;;
history;zwaþgi;;zwaþgi;noun;;;;;;;;;;;;;;;;;;;;;;;;;;;;;;;;;;;;;;;;;;;;nonazhí banuwé;go yazhiká;nonaži banuwe;;;;;;;;;;;;;;;;;;;;;;;;;;;;;;;;;;;;
easy;pescro;;pescro;adjective;;;;;;;;;;;;;;;;;;;;;;;;;;;;;;;;;;;;;;;;;;;;;;;;;;;;;;;;;;;;;;;;;;;;;;;;;;;;;;;;;;
fun;ajalá;;ajala;adjective;;;;;;;;;;;;;;;;;;;;;;;;;;;;;;;;;;;;;;;;;;;;;;;;;;;;;;;;;;;;;;;;;;;;;;;;;;;;;;;;;;
like, as if;cjotla;;cjotla;preposition;;;;;;;;;;;;;;;;;;;;;;;;;;;;;;;;;;;;;;;;;;;;;;;;;;;;;;;;;;;;;;;;;;;;;;;;;;;;;;;;;;
to cut (a gemstone);aslile;;aslile;verb;;;;;;;;;;;;;;;;;;;;;;;;;;;;;;;;;;;;;;;;;;;;;;;;;;;;;;;;;;;;;;;;;;;;;;;;;;;;;;;;;;
professor;setordo;;setordo;noun;;;;;;;;;;;;;;;;;;;;;;;;;;;;;;;;;;;;;;;;;;;;;;;;;;;;;;;;;;;;;;;;;;;;;;;;;;;;;;;;;;
fair;ño;;ño;adjective;;;;;;;;;;;;;;;;;;;;;;;;;;;;;;;;;;;;;;;;;;;;;;;;;;;;;;;;;;;;;;;;;;;;;;;;;;;;;;;;;;
unfair;peño;;peño;adjective;;;;;;;;;;;;;;;;;;;;;;;;;;;;;;;;;;;;;;;;;;;;;;;;;;;;;;;;;;;;;;;;;;;;;;;;;;;;;;;;;;
injustice;peñogli;;peñogli;noun;;;;;;;;;;;;;;;;;;;;;;;;;;;;;;;;;;;;;;;;;;;;;;;;;;;;;;;;;;;;;;;;;;;;;;;;;;;;;;;;;;
microagression;tipeño;;tipeño;noun;;;;;;;;;;;;;;;;;;;;;;;;;;;;;;;;;;;;;;;;;;;;;;;;;;;;;;;;;;;;;;;;;;;;;;;;;;;;;;;;;;
stupid;petof;;petof;adjective;;;;;;;;;;;;;;;;;;;;;;;;;;;;;;;;;;;;;;;;;;;;;;;;;;;;;;;;;;;;;;;;;;;;;;;;;;;;;;;;;;
pitch;aha;of sound;aha;noun;;;;;;;;;;;;;;;;;;;;;;;;;;;;;;;;;;;;;;;;;;;;;;;;;;;;;;;;;;;;;;;;;;;;;;;;;;;;;;;;;;
to differ;atonle;;atonle;verb;;;;;;;;;;;;;;;;;;;;;;;;;;;;;;;;;;;;;;;;;;;;;;;;;;;;;;;;;;;;;;;;;;;;;;;;;;;;;;;;;;
difference;tonle;;tonle;noun;;;;;;;;;;;;;;;;;;;;;;;;;;;;;;;;;;;;;;;;;;;;;;;;;;;;;;;;;;;;;;;;;;;;;;;;;;;;;;;;;;
high;igvli;;igvli;adjective;;;;;;;;;;;;;;;;;;;;;;;;;;;;;;;;;;;;;;;;;bbösh;;bbösh;;;;;;;;;;;;;;;;;;;;;;;;;;;;;;;;;;;;;;;
low;agvla;;agvla;adjective;;;;;;;;;;;;;;;;;;;;;;;;;;;;;;;;;;;;;;;;;áán;;áán;;;;;;;;;;;;;;;;;;;;;;;;;;;;;;;;;;;;;;;
noun gender;gene;;gene;noun;;;;;;;;;;;;;;;;;;;;;;;;;;;;;;;;;;;;;;;;;;;;;;;;;;;;;;;;;;;;;;;;;;;;;;;;;;;;;;;;;;
tiredness;guslé;you «hove guslé», not «ote guslé»;gusle;noun;;;;;;;;;;;;;;;;;;;;;;;;;;;;;;;;;;;;;;;;;;;;;;;;;;;;;;;;;;;;;;;;;;;;;;;;;;;;;;;;;;
hint;tisececlo;;tisececlo;noun;;;;;;;;;;;;;;;;;;;;;;;;;;;;;;;;;;;;;;;;;;;;;;;;;;;;;;;;;;;;;;;;;;;;;;;;;;;;;;;;;;
clue;tisececlo;;tisececlo;noun;;;;;;;;;;;;;;;;;;;;;;;;;;;;;;;;;;;;;;;;;;;;;;;;;;;;;;;;;;;;;;;;;;;;;;;;;;;;;;;;;;
obviously;edvaþodnet;;edvaþodnet;adverb;;;;;;;;;;;;;;;;;;;;;;;;;;;;;;;;;;;;;;;;;;;;;;;;;;;;;;;;;;;;;;;;;;;;;;;;;;;;;;;;;;
maybe;sobod;;sobod;adverb;;;;;;;;;;;;;;;;;;;;;;;;;;;;;;;;;;;;;;;;;;;;;;;;;;;;;;;;;;;;;;;;;;;;;;;;;;;;;;;;;;
to stay;eþta;;eþta;verb;;;;;;;;;;;;;;;;;;;;;;;;;;;;;;;;;;;;;;;;;;;;;;;;;;;;;;;;;;;;;;;;;;;;;;;;;;;;;;;;;;
together;añome;;añome;adjective;;;;;;;;;;;;;;;;;;;;;;;;;;;;;;;;;;;;;;;;;;;;;;;;;;;;;;;;;;;;;;;;;;;;;;;;;;;;;;;;;;
to hang out;alomo;;alomo;verb;;;;;;;;;;;;;;;;;;;;;;;;;;;;;;;;;;;;;;;;;;;;;;;;;;;;;;;;;;;;;;;;;;;;;;;;;;;;;;;;;;
funny;ðaflaf;;ðaflaf;adjective;;;;;;;;;;;;;;;;;;;;;;;;;;;;;;;;;;;;;;;;;;;;;;;;;;;;;;;;;;;;;;;;;;;;;;;;;;;;;;;;;;
theatre;tortes;;tortes;noun;;;;;;;;;;;;;;;;;;;;;;;;;;;;;;;;;;;;;;;;;;;;;;;;;;;;;;;;;;;;;;;;;;;;;;;;;;;;;;;;;;
art;zudba;;zudba;noun;;;;;;;;;;;;;;;;;;;;;;;;;;;;;;;;;;;;;;;;;;;;;;;;;;;;;;;;;;;;;;;;;;;;;;;;;;;;;;;;;;
character (in art);zeþlada;;zeþlada;noun;;;;;;;;;;;;;;;;;;;;;;;;;;;;;;;;;;;;;;;;;;;;;;;;;;;;;;;;;;;;;;;;;;;;;;;;;;;;;;;;;;
letter (communication);lecri;;lecri;noun;;;;;;;;;;;;;;;;;;;;;;;;;;;;;;;;;;;;;;;;;;;;;;;;;;;;;;;;;;;;;;;;;;;;;;;;;;;;;;;;;;
romantic partner;zuadre;;zuadre;noun;;;;;;;;;;;;;;;;;;;;;;;;;;;;;;;;;;;;;;;;;;;;;;;;;;;;;;;;;;;;;;;;;;;;;;;;;;;;;;;;;;
girlfriend;zuadreðra;;zuadreðra;noun;;;;;;;;;;;;;;;;;;;;;;;;;;;;;;;;;;;;;;;;;;;;;;;;;;;;;;;;;;;;;;;;;;;;;;;;;;;;;;;;;;
boyfriend;zuadrelan;;zuadrelan;noun;;;;;;;;;;;;;;;;;;;;;;;;;;;;;;;;;;;;;;;;;;;;;;;;;;;;;;;;;;;;;;;;;;;;;;;;;;;;;;;;;;
cute;ti;;ti;adjective;;;;;;;;;;;;;;;;;;;;;;;;;;;;;;;;;;;;;;;;;;;;;;;;;;;;;;;;;;;;;;;;;;;;;;;;;;;;;;;;;;
lucky, special;meñan;;meñan;adjective;;;;;;;;;;;;;;;;;;;;;;;;;;;;;;;;;;;;;;;;;;;;;;;;;;;;;;;;;;;;;;;;;;;;;;;;;;;;;;;;;;
cuddle;wastla;;wastla;noun;;;;;;;;;;;;;;;;;;;;;;;;;;;;;;;;;;;;;;;;;;;;;;;;;;;;;;;;;;;;;;;;;;;;;;;;;;;;;;;;;;
to cuddle;awastla;;awastla;verb;;;;;;;;;;;;;;;;;;;;;;;;;;;;;;;;;;;;;;;;;;;;;;;;;;;;;;;;;;;;;;;;;;;;;;;;;;;;;;;;;;
hug;amum;;amum;noun;;;;;;;;;;;;;;;;;;;;;;;;;;;;;;;;;;;;;;;;;;;;;;;;;;;;;;;;;;;;;;;;;;;;;;;;;;;;;;;;;;
mix;onedo;;onedo;noun;;;;;;;;;;;;;;;;;;;;;;;;;;;;;;;;;;;;;;;;;;;;;;;;;;;;;;;;;;;;;;;;;;;;;;;;;;;;;;;;;;
riding (political);tesblom;;tesblom;noun;;;;;;;;;;;;;;;;;;;;;;;;;;;;;;;;;;;;;;;;;;;;;;;;;;;;;;;;;;;;;;;;;;;;;;;;;;;;;;;;;;
to select;editle;;editle;verb;;;;;;;;;;;;;;;;;;;;;;;;;;;;;;;;;;;;;;;;;;;;;;;;;;;;;;;;;;;;;;;;;;;;;;;;;;;;;;;;;;
selection;editlena;;editlena;noun;;;;;;;;;;;;;;;;;;;;;;;;;;;;;;;;;;;;;;;;;;;;;;;;;;;;;;;;;;;;;;;;;;;;;;;;;;;;;;;;;;
equal;;;;;;;;;;;;;;;;;;;;;;;;èxvich;;èxvich;;;;éxviš;;éxviš;;;;;;;;;;;;;;;;;;;;;;;;;;;;;;;;;;;;;;;;;;;;;;;;;;;;;;
office;bliatla;;bliatla;noun;;;;;;;;;;;;;;;;;;;;;;;;;;;;;;;;;;;;;;;;;;;;;;;;;;;;;;;;;;;;;;;;;;;;;;;;;;;;;;;;;;
law (piece of legeslation);þopsona;;þopsona;noun;;;;;;;;;;;;;;;;;;;;;;;;;;;;;;;;;;;;;;;;;;;;;;;;;;;;;;;;;;;;;;;;;;;;;;;;;;;;;;;;;;
busy;colope;;colope;adjective;;;;;;;;;;;;;;;;;;;;;;;;;;;;;;;;;;;;;;;;;;;;;;;;;;;;;;;;;;;;;;;;;;;;;;;;;;;;;;;;;;
past;bacetle;;bacetle;noun;;;;;;;;;;;;;;;;;;;;;;;;;;;;;;;;;;;;;;;;;;;;ko banuwé;go yazhiká;ko banuwe;;;;;;;;;;;;;;;;;;;;;;;;;;;;;;;;;;;;
present;amom;;amom;noun;;;;;;;;;;;;;;;;;;;;;;;;;;;;;;;;;;;;;;;;;;;;;;;;;;;;;;;;;;;;;;;;;;;;;;;;;;;;;;;;;;
future;pebac;;pebac;noun;;;;;;;;;;;;;;;;;;;;;;;;;;;;;;;;;;;;;;;;;;;;;;;;;;;;;;;;;;;;;;;;;;;;;;;;;;;;;;;;;;
news;amom;;amom;noun;;;;;;;;;;;;;;;;;;;;;;;;;;;;;;;;;;;;;;;;;;;;;;;;;;;;;;;;;;;;;;;;;;;;;;;;;;;;;;;;;;
to win;ageðba;;ageðba;verb;;;;;;;;;;;;;;;;;;;;;;;;;;;;;;;;;;;;;;;;;;;;;;;;;;;;;;;;;;;;;;;;;;;;;;;;;;;;;;;;;;
prize;geðba;;geðba;noun;;;;;;;;;;;;;;;;;;;;;;;;;;;;;;;;;;;;;;;;;;;;;;;;;;;;;;;;;;;;;;;;;;;;;;;;;;;;;;;;;;
prince;;;;;;;;;;;;;;;;;;deinoiʔi;animate, -;deinoiʔi;desɲostia;;desɲostia;;;;;;;;;;;;;;;;;;;;;;;;;;;;;;;;;;;;;;;;;;;;;;;;;;;;;;;;;;;;;;;
to paint;amarli;;amarli;verb;;;;;;;;;;;;;;;;;;;;;;;;;;;;;;;;;;;;;;;;;;;;;;;;;;;;;;;;;;;;;;;;;;;;;;;;;;;;;;;;;;
clothing;baðaðlo;;baðaðlo;noun;;;;;;;;;;;;;;;;;;;;;;;;;;;;;;;;;;;;;;;;;;;;;;;;;;;;;;;;;;;;;;;;;;;;;;;;;;;;;;;;;;
top (clothing);labnol;;labnol;noun;;;;;;;;;;;;;;;;;;;;;;;;;;;;;;;;;;;;;;;;;;;;;;;;;;;;;;;;;;;;;;;;;;;;;;;;;;;;;;;;;;
bottom (clothing);befna;;befna;noun;;;;;;;;;;;;;;;;;;;;;;;;;;;;;;;;;;;;;;;;;;;;;;;;;;;;;;;;;;;;;;;;;;;;;;;;;;;;;;;;;;
skinny;smangtef;;smangtef;adjective;;;;;;;;;;;;;;;;;;;;;;;;;;;;;;;;;;;;;;;;;;;;;;;;;;;;;;;;;;;;;;;;;;;;;;;;;;;;;;;;;;
wide;golovo;;golovo;adjective;;;;;;;;;;;;;;;;;;;;;;;;;;;;;;;;;;;;;;;;;;;;;;;;;;;;;;;;;;;;;;;;;;;;;;;;;;;;;;;;;;
short-sleve shirt;labnol smangtef;;labnol smangtef;noun;;;;;;;;;;;;;;;;;;;;;;;;;;;;;;;;;;;;;;;;;;;;;;;;;;;;;;;;;;;;;;;;;;;;;;;;;;;;;;;;;;
tank top;labnol tresmangtef;;labnol tresmangtef;noun;;;;;;;;;;;;;;;;;;;;;;;;;;;;;;;;;;;;;;;;;;;;;;;;;;;;;;;;;;;;;;;;;;;;;;;;;;;;;;;;;;
pants;befna pave;;befna pave;noun;;;;;;;;;;;;;;;;;;;;;;;;;;;;;;;;;;;;;;;;;;;;;;;;;;;;;;;;;;;;;;;;;;;;;;;;;;;;;;;;;;
skirt;befna ave;;befna ave;noun;;;;;;;;;;;;;;;;;;;;;;;;;;;;;;;;;;;;;;;;;;;;;;;;;;;;;;;;;;;;;;;;;;;;;;;;;;;;;;;;;;
long-sleve shirt;labnol golovo;;labnol golovo;noun;;;;;;;;;;;;;;;;;;;;;;;;;;;;;;;;;;;;;;;;;;;;;;;;;;;;;;;;;;;;;;;;;;;;;;;;;;;;;;;;;;
flower skirt;beavlor;from « labefna ave ad tevlor »;beavlor;noun;;;;;;;;;;;;;;;;;;;;;;;;;;;;;;;;;;;;;;;;;;;;;;;;;;;;;;;;;;;;;;;;;;;;;;;;;;;;;;;;;;
shawl;labnol ave;;labnol ave;noun;;;;;;;;;;;;;;;;;;;;;;;;;;;;;;;;;;;;;;;;;;;;;;;;;;;;;;;;;;;;;;;;;;;;;;;;;;;;;;;;;;
shorts;befna pave eveni;;befna pave eveni;noun;;;;;;;;;;;;;;;;;;;;;;;;;;;;;;;;;;;;;;;;;;;;;;;;;;;;;;;;;;;;;;;;;;;;;;;;;;;;;;;;;;
night;zitelvlai;;zitelvlai;noun;;;;;;;;;;;;;;;;;;;;;;;;;;;;;;;;;;;;;;;;;;;;ö yashí;go yazhiká;ö yaši;;;;;;;;;;;;;;;;;;;;;;;;;;;;;;;;;;;;
to cook;apisa;;apisa;verb;;;;;;;;;;;;;;;;;;;;;;;;;;;;;;;;;;;;;;;;;;;;;;;;;;;;;;;;;;;;;;;;;;;;;;;;;;;;;;;;;;
to swim;anata;;anata;verb;;;;;;;;;;;;;;;;;;;;;;;;;;;;;;;;;;;;;;;;;;;;;;;;;;;;;;;;;;;;;;;;;;;;;;;;;;;;;;;;;;
mountain pass;gobleva;;gobleva;noun;;;;;;;;;;;;;;;;;;;;;;;;;;;;;;;;;;;;;;;;;;;;;;;;;;;;;;;;;;;;;;;;;;;;;;;;;;;;;;;;;;
drug that knocks you unconscious;;;;;;;;;;;;;;;;;;ʃoimu;magic, -n;ʃoimu;çosmuni;;çosmuni;;;;;;;;;;;;;;;;;;;;;;;;;;;;;;;;;;;;;;;;;;;;;;;;;;;;;;;;;;;;;;;
small;cata;;cata;adjective;;;;;;;;;;;;;;;;;;;;;;;;;;;;;;;;;;;;;;;;;;;;;;;;;;;;;;;;;;;;;;;;;;;;;;;;;;;;;;;;;;
big;gli;;gli;adjective;;;;;;;;;;;;;;;;;;;;;;;;;;;;;;;;;;;;;;;;;;;;;;;;;;;;;;;;;;;;;;;;;;;;;;;;;;;;;;;;;;
collection;bolci;;bolci;noun;;;;;;;;;;;;;;;;;;;;;;;;;;;;;;;;;;;;;;;;;;;;;;;;;;;;;;;;;;;;;;;;;;;;;;;;;;;;;;;;;;
mine (ore);þablu;;þablu;noun;;;;;;;;;;;;;;;;;;;;;;;;;;;;;;;;;;;;;;;;;;;;shü gosiwá;go yazhiká;šü gosiwa;;;;;;;;;;;;;;;;;;;;;;;;;;;;;;;;;;;;
to step on;eclet;;eclet;verb;;;;;;;;;;;;;;;;;;;;;;;;;;;;;;;;;;;;;;;;;;;;keninogó;;keninogo;;;;;;;;;;;;;;;;;;;;;;;;;;;;;;;;;;;;
barbarian;;;;;;;;;;;;;;;;;;;;;;;;;;;;;;;;;;;;;;;;;;;;;khaame;underground, used in a derogatory sense towards the people to the north;khaame;;;;;;;;;;;;;;;;;;;;;;;;;;;;;;;;;;;;;;;
sun community unit;;;;;;;;;;;;;;;;;;;;;;;;;;;;;;;;;;;;;;;;;;;;;bbiinske;solar;bbiinske;;;;;;;;;;;;;;;;;;;;;;;;;;;;;;;;;;;;;;;
moon community unit;;;;;;;;;;;;;;;;;;;;;;;;;;;;;;;;;;;;;;;;;;;;;óóna;lunar;óóna;;;;;;;;;;;;;;;;;;;;;;;;;;;;;;;;;;;;;;;
none;pedera;;pedera;adjective;;;;;;;;;;;;;;;;;;;;;;;;;;;;;;;;;;;;;;;;;bufu;;bufu;;;;;;;;;;;;;;;;;;;;;;;;;;;;;;;;;;;;;;;
tide;;;;;;;;;;;;;;;;;;;;;;;;;;;;;;;;;;;;;;;;;;;;;vinpe;lunar;vinpe;;;;;;;;;;;;;;;;;;;;;;;;;;;;;;;;;;;;;;;
tide worshippers unit;;;;;;;;;;;;;;;;;;;;;;;;;;;;;;;;;;;;;;;;;;;;;vinpéska;lunar, underwater as an insult;vinpéska;;;;;;;;;;;;;;;;;;;;;;;;;;;;;;;;;;;;;;;
first piece of a noun;;;;;;;;;;;;;;;;;;;;;;;;;;;;;;;;;;;;;;;;;;;;;;;;go pidéwa;go yazhiká;go pidewa;;;;;;;;;;;;;;;;;;;;;;;;;;;;;;;;;;;;
second piece of a noun;;;;;;;;;;;;;;;;;;;;;;;;;;;;;;;;;;;;;;;;;;;;;;;;go newése;go yazhiká;go newese;;;;;;;;;;;;;;;;;;;;;;;;;;;;;;;;;;;;
god;;;;;;;;;;;;;;;;;;;;;;;;;;;;;;;;;;;;;;;;;;;;;;;;sha badiwéo;go yazhiká;ša badiweo;;;;;;;;;;;;;;;;;;;;;;;;;;;;;;;;;;;;
happy;peðli;;peðli;adjective;;;;;;;;;;;;;;;;;;;;;;;;;;;;;;;;;;;;;;;;;;;;shigóna;go yazhiká;šigona;;;;;;;;;;;;;;;;;;;;;;;;;;;;;;;;;;;;
rabbit;;;;;;;;;;;;;;;;;;;;;;;;;;;;;;;;;;;;;;;;;;;;;vóónvhe;lunar;vóónvhe;;;;;;;;;;;;;;;;;;;;;;;;;;;;;;;;;;;;;;;
raven;;;;;;;;;;;;;;;;;;;;;;;;;;;;;;;;;;;;;;;;;;;;;khéfubba;solar;khéfubba;;;;;;;;;;;;;;;;;;;;;;;;;;;;;;;;;;;;;;;
salamander;;;;;;;;;;;;;;;;;;;;;;;;;;;;;;;;;;;;;;;;;;;;;vhopifu;lunar;vhopifu;;;;;;;;;;;;;;;;;;;;;;;;;;;;;;;;;;;;;;;
dragonfly;;;;;;;;;;;;;;;;;;;;;;;;;;;;;;;;;;;;;;;;;;;;;bafhava;solar;bafhava;;;;;;;;;;;;;;;;;;;;;;;;;;;;;;;;;;;;;;;
mole;;;;;;;;;;;;;;;;;;;;;;;;;;;;;;;;;;;;;;;;;;;;;vhükena;underground;vhükena;;;;;;;;;;;;;;;;;;;;;;;;;;;;;;;;;;;;;;;
of;ad;;ad;preposition;;;;;;;;;;;;;;;;;;;;;;;;;;;;;;;;;;;;;;;;;;;;zho;;žo;;;;;;;bii;;bii;;;;;;;;;;;;;;;;;;;;;;;;;;;
factory;hocedið;;hocedið;noun;;;;;;;;;;;;;;;;;;;;;;;;;;;;;;;;;;;;;;;;;;;;ki okedí;go numúge;ki okedi;;;;;;;;;;;;;;;;;;;;;;;;;;;;;;;;;;;;
hill;tiwiþada;;tiwiþada;noun;;;;;;;;;;;;;;;;;;;;;;;;;;;;;;;;;;;;;;;;;;;;ö nagané;go yazhiká;ö nagane;;;;;;;;;;;;;;;;;;;;;;;;;;;;;;;;;;;;
ritual;;;;;;;;;;;;;;;;;;;;;;;;;;;;;;;;;;;;;;;;;;;;;;;;;;;;;;q'unsikło;;q'unsikło;;;;;;;;;;;;;;;;;;;;;;;;;;;;;;
rebellion;;;;;;;;;;;;;;;;;;;;;;;;;;;;;;;;;;;;;;;;;;;;;;;;;;;;;;;;;traaakni;plural -ya;traaakni;;;;;;;;;;;;;;;;;;;;;;;;;;;
republic;;;;;;;;;;;;;;;;;;;;;;;;;;;;;;;;;;;;;;;;;;;;;;;;;;;;;;;;;vñoofayee;plural -kna;vñoofayee;;;;;;;;;;;;;;;;;;;;;;;;;;;
to come from;;;;;;;;;;;;;;;;;;;;;;;;;;;;;;;;;;;;;;;;;;;;;;;;mokinashí;;mokinaši;;;;;;;;;;;;;;;;;;;;;;;;;;;;;;;;;;;;
dawn-likeness;;;;;;;;;;;;;;;;;;;;;;;;;;;;;;;;;;;;;;;;;;;;;;;;kemízu igádu;;kemizu igadu;;;;;;;;;;;;;;;;;;;;;;;;;;;;;;;;;;;;
dusk-likeness;;;;;;;;;;;;;;;;;;;;;;;;;;;;;;;;;;;;;;;;;;;;;;;;yashí igádu;;yaši igadu;;;;;;;;;;;;;;;;;;;;;;;;;;;;;;;;;;;;
dim;;;;;;;;;;;;;;;;;;;;;;;;;;;;;;;;;;;;;;;;;;;;;;;;igádu;;igadu;;;;;;;;;;;;;;;;;;;;;;;;;;;;;;;;;;;;
hot;;;;;;;;;;;;;;;;;;;;;;;;;;;;;;;;;;;;;;;;;;;;;;;;namáti;;namati;;;;;;;;;;;;;;;;;;;;;;;;;;;;;;;;;;;;
to pick up;;;;;;;;;;;;;;;;;;;;;;;;;;;;;;;;;;;;;;;;;;;;;;;;nasawéme;;nasaweme;;;;;;;;;;;;;;;;;;;;;;;;;;;;;;;;;;;;
conveyor belt;;;;;;;;;;;;;;;;;;;;;;;;;;;;;;;;;;;;;;;;;;;;;;;;shü senáta;go numúge;šü senata;;;;;;;;;;;;;;;;;;;;;;;;;;;;;;;;;;;;
yet another;;;;;;;;;;;;;;;;;;;;;;;;;;;;;;;;;;;;;;;;;;;;;;;;ögishé;;ögiše;;;;;;;;;;;;;;;;;;;;;;;;;;;;;;;;;;;;
one (generic person);;;;;;;;;;;;;;;;;;;;;;;;;;;;;;;;;;;;;;;;;;;;;;;;ka zhusú;;ka žusu;;;;;;;;;;;;;;;;;;;;;;;;;;;;;;;;;;;;
to check;;;;;;;;;;;;;;;;;;;;;;;;;;;;;;;;;;;;;;;;;;;;;;;;nomóyi;;nomoyi;;;;;;;;;;;;;;;;;;;;;;;;;;;;;;;;;;;;
rough;;;;;;;;;;;;;;;;;;;;;;;;;;;;;;;;;;;;;;;;;;;;;;;;bisuné;;bisune;;;;;;;;;;;;;;;;;;;;;;;;;;;;;;;;;;;;
part of something;;;;;;;;;;;;;;;;;;;;;;;;;;;;;;;;;;;;;;;;;;;;;;;;no shizüté;go yazhiká;no šizüte;;;;;;;;;;;;;;;;;;;;;;;;;;;;;;;;;;;;
as expected;;;;;;;;;;;;;;;;;;;;;;;;;;;;;;;;;;;;;;;;;;;;;;;;minüyazhá;;minüyaža;;;;;;;;;;;;;;;;;;;;;;;;;;;;;;;;;;;;
to bring;;;;;;;;;;;;;;;;;;;;;;;;;;;;;;;;;;;;;;;;;;;;;;;;boníse;;bonise;;;;;;;;;;;;;;;;;;;;;;;;;;;;;;;;;;;;
gemstone magic;lawizadriat ad loraci;;lawizadriat ad loraci;noun;;;;;;;;;;;;;;;;;;;;;;;;;;;;;;;;;;;;;;;;;;;;ki zhonúmu;go numúge;ki žonumu;;;;;;;;;;;;;;;;;;;;;;;;;;;;;;;;;;;;
to fish;;;;;;;;;;;;;;;;;;;;;;;;;;;;;;;;;;;;;;;;;;;;;;;;wesúnö;;wesunö;;;;;;;;;;;;;;;;;;;;;;;;;;;;;;;;;;;;
named;;;;;;;;;;;;;;;;;;;;;;;;;;;;;;;;;;;;;;;;;;;;;;;;ömisá;;ömisa;;;;;;;;;;;;;;;;;;;;;;;;;;;;;;;;;;;;
to enjoy (an activity);;;;;;;;;;;;;;;;;;;;;;;;;;;;;;;;;;;;;;;;;;;;;;;;yagidá;;yagida;;;;;;;;;;;;;;;;;;;;;;;;;;;;;;;;;;;;
best, most, more than other options;;;;;;;;;;;;;;;;;;;;;;;;;;;;;;;;;;;;;;;;;;;;;;;;nimosidózha;;nimosidoža;;;;;;;;;;;;;;;;;;;;;;;;;;;;;;;;;;;;
once (upon a time);;;;;;;;;;;;;;;;;;;;;;;;;;;;;;;;;;;;;;;;;;;;;;;;ö guzópe;go yazhiká;ö guzope;;;;;;;;;;;;;;;;;;;;;;;;;;;;;;;;;;;;
shiny;;;;;;;;;;;;;;;;;;;;;;;;;;;;;;;;;;;;;;;;;;;;;;;;yudégö;;yudegö;;;;;;;;;;;;;;;;;;;;;;;;;;;;;;;;;;;;
to look at;;;;;;;;;;;;;;;;;;;;;;;;;;;;;;;;;;;;;;;;;;;;;;;;póno;;pono;;;;;;;;;;;;;;;;;;;;;;;;;;;;;;;;;;;;
dragon scale;;;;;;;;;;;;;;;;;;;;;;;;;;;;;;;;;;;;;;;;;;;;;;;;no koshimayá;go yazhiká;no košimaya;;;;;;;;;;;;;;;;;;;;;;;;;;;;;;;;;;;;
dangerous;;;;;;;;;;;;;;;;;;;;;;;;;;;;;;;;;;;;;;;;;;;;;;;;konabié;;konabie;;;;;;;;;;;;;;;;;;;;;;;;;;;;;;;;;;;;
to bury;;;;;;;;;;;;;;;;;;;;;;;;;;;;;;;;;;;;;;;;;;;;;;;;bukunená;;bukunena;;;;;;;;;;;;;;;;;;;;;;;;;;;;;;;;;;;;
pretty;;;;;;;;;;;;;;;;;;;;;;;;;;;;;;;;;;;;;;;;;;;;;;;;zhiséna;;žisena;;;;;;;;;;;;;;;;;;;;;;;;;;;;;;;;;;;;
to lie down;;;;;;;;;;;;;;;;;;;;;;;;;;;;;;;;;;;;;;;;;;;;;;;;sopüzénu;;sopüzenu;;;;;;;;;;;;;;;;;;;;;;;;;;;;;;;;;;;;
outside;;;;;;;;;;;;;;;;;;;;;;;;;;;;;;;;;;;;;;;;;;;;;;;;zhi nukinógo;go yazhiká;ži nukinogo;;;;;;;;;;;;;;;;;;;;;;;;;;;;;;;;;;;;
sneakily;;;;;;;;;;;;;;;;;;;;;;;;;;;;;;;;;;;;;;;;;;;;;;;;zedeyú;;zedeyu;;;;;;;;;;;;;;;;;;;;;;;;;;;;;;;;;;;;
to be shocking;;;;;;;;;;;;;;;;;;;;;;;;;;;;;;;;;;;;;;;;;;;;;;;;podenösuté;;podenösute;;;;;;;;;;;;;;;;;;;;;;;;;;;;;;;;;;;;
carpet;;;;;;;;;;;;;;;;;;;;;;;;;;;;;;;;;;;;;;;;;;;;;;;;pa yusikéno;;pa yusikeno;;;;;;;;;;;;;;;;;;;;;;;;;;;;;;;;;;;;
glowing;;;;;;;;;;;;;;;;;;;;;;;;;;;;;;;;;;;;;;;;;;;;;;;;bikesunadá;;bikesunada;;;;;;;;;;;;;;;;;;;;;;;;;;;;;;;;;;;;
to lead to;;;;;;;;;;;;;;;;;;;;;;;;;;;;;;;;;;;;;;;;;;;;;;;;pakuzhéna;;pakužena;;;;;;;;;;;;;;;;;;;;;;;;;;;;;;;;;;;;
far away;;;;;;;;;;;;;;;;;;;;;;;;;;;;;;;;;;;;;;;;;;;;;;;;dibuzenó;;dibuzeno;;;;;;;;;;;;;;;;;;;;;;;;;;;;;;;;;;;;
beautiful;;;;;;;;;;;;;;;;;;;;;;;;;;;;;;;;;;;;;;;;;;;;;;;;ozikepáse;;ozikepase;;;;;;;;;;;;;;;;;;;;;;;;;;;;;;;;;;;;
cloud-like;;;;;;;;;;;;;;;;;;;;;;;;;;;;;;;;;;;;;;;;;;;;;;;;kinaseöbósi;;kinaseöbosi;;;;;;;;;;;;;;;;;;;;;;;;;;;;;;;;;;;;
through;;;;;;;;;;;;;;;;;;;;;;;;;;;;;;;;;;;;;;;;;;;;;;;;togú;;togu;;;;;;;;;;;;;;;;;;;;;;;;;;;;;;;;;;;;
inn;hoceþta;;hoceþta;noun;;;;;;;;;;;;;;;;;;;;;;;;;;;;;;;;;;;;;;;;;;;;;;;;;;;;;;;;;;;;;;;;;;;;;;;;;;;;;;;;;;
hotel;hoceþta;;hoceþta;noun;;;;;;;;;;;;;;;;;;;;;;;;;;;;;;;;;;;;;;;;;;;;;;;;;;;;;;;;;;;;;;;;;;;;;;;;;;;;;;;;;;
regret;metlevda;;metlevda;noun;;;;;;;;;;;;;;;;;;;;;;;;;;;;;;;;;;;;;;;;;;;;;;;;;;;;;;;;;;;;;;;;;;;;;;;;;;;;;;;;;;
sorry;metlevda;;metlevda;interjection;;;;;;;;;;;;;;;;;;;;;;;;;;;;;;;;;;;;;;;;;;;;;;;;;;;;;;;;;;;;;;;;;;;;;;;;;;;;;;;;;;
;;;;;;;;;;;;;;;;;;;;;;;;;;;;;;;;;;;;;;;;;;;;;;;;;;;;;;;;;;;;;;;;;;;;;;;;;;;;;;;;;;;;;;
;;;;;;;;;;;;;;;;;;;;;;;;;;;;;;;;;;;;;;;;;;;;;;;;;;;;;;;;;;;;;;;;;;;;;;;;;;;;;;;;;;;;;;
;;;;;;;;;;;;;;;;;;;;;;;;;;;;;;;;;;;;;;;;;;;;;;;;;;;;;;;;;;;;;;;;;;;;;;;;;;;;;;;;;;;;;;
;;;;;;;;;;;;;;;;;;;;;;;;;;;;;;;;;;;;;;;;;;;;;;;;;;;;;;;;;;;;;;;;;;;;;;;;;;;;;;;;;;;;;;
;;;;;;;;;;;;;;;;;;;;;;;;;;;;;;;;;;;;;;;;;;;;;;;;;;;;;;;;;;;;;;;;;;;;;;;;;;;;;;;;;;;;;;
;;;;;;;;;;;;;;;;;;;;;;;;;;;;;;;;;;;;;;;;;;;;;;;;;;;;;;;;;;;;;;;;;;;;;;;;;;;;;;;;;;;;;;
;;;;;;;;;;;;;;;;;;;;;;;;;;;;;;;;;;;;;;;;;;;;;;;;;;;;;;;;;;;;;;;;;;;;;;;;;;;;;;;;;;;;;;
;;;;;;;;;;;;;;;;;;;;;;;;;;;;;;;;;;;;;;;;;;;;;;;;;;;;;;;;;;;;;;;;;;;;;;;;;;;;;;;;;;;;;;
;;;;;;;;;;;;;;;;;;;;;;;;;;;;;;;;;;;;;;;;;;;;;;;;;;;;;;;;;;;;;;;;;;;;;;;;;;;;;;;;;;;;;;
;;;;;;;;;;;;;;;;;;;;;;;;;;;;;;;;;;;;;;;;;;;;;;;;;;;;;;;;;;;;;;;;;;;;;;;;;;;;;;;;;;;;;;
;;;;;;;;;;;;;;;;;;;;;;;;;;;;;;;;;;;;;;;;;;;;;;;;;;;;;;;;;;;;;;;;;;;;;;;;;;;;;;;;;;;;;;
;;;;;;;;;;;;;;;;;;;;;;;;;;;;;;;;;;;;;;;;;;;;;;;;;;;;;;;;;;;;;;;;;;;;;;;;;;;;;;;;;;;;;;
;;;;;;;;;;;;;;;;;;;;;;;;;;;;;;;;;;;;;;;;;;;;;;;;;;;;;;;;;;;;;;;;;;;;;;;;;;;;;;;;;;;;;;
;;;;;;;;;;;;;;;;;;;;;;;;;;;;;;;;;;;;;;;;;;;;;;;;;;;;;;;;;;;;;;;;;;;;;;;;;;;;;;;;;;;;;;
;;;;;;;;;;;;;;;;;;;;;;;;;;;;;;;;;;;;;;;;;;;;;;;;;;;;;;;;;;;;;;;;;;;;;;;;;;;;;;;;;;;;;;
;;;;;;;;;;;;;;;;;;;;;;;;;;;;;;;;;;;;;;;;;;;;;;;;;;;;;;;;;;;;;;;;;;;;;;;;;;;;;;;;;;;;;;
;;;;;;;;;;;;;;;;;;;;;;;;;;;;;;;;;;;;;;;;;;;;;;;;;;;;;;;;;;;;;;;;;;;;;;;;;;;;;;;;;;;;;;
;;;;;;;;;;;;;;;;;;;;;;;;;;;;;;;;;;;;;;;;;;;;;;;;;;;;;;;;;;;;;;;;;;;;;;;;;;;;;;;;;;;;;;
;;;;;;;;;;;;;;;;;;;;;;;;;;;;;;;;;;;;;;;;;;;;;;;;;;;;;;;;;;;;;;;;;;;;;;;;;;;;;;;;;;;;;;
;;;;;;;;;;;;;;;;;;;;;;;;;;;;;;;;;;;;;;;;;;;;;;;;;;;;;;;;;;;;;;;;;;;;;;;;;;;;;;;;;;;;;;
;;;;;;;;;;;;;;;;;;;;;;;;;;;;;;;;;;;;;;;;;;;;;;;;;;;;;;;;;;;;;;;;;;;;;;;;;;;;;;;;;;;;;;
;;;;;;;;;;;;;;;;;;;;;;;;;;;;;;;;;;;;;;;;;;;;;;;;;;;;;;;;;;;;;;;;;;;;;;;;;;;;;;;;;;;;;;
;;;;;;;;;;;;;;;;;;;;;;;;;;;;;;;;;;;;;;;;;;;;;;;;;;;;;;;;;;;;;;;;;;;;;;;;;;;;;;;;;;;;;;
;;;;;;;;;;;;;;;;;;;;;;;;;;;;;;;;;;;;;;;;;;;;;;;;;;;;;;;;;;;;;;;;;;;;;;;;;;;;;;;;;;;;;;
;;;;;;;;;;;;;;;;;;;;;;;;;;;;;;;;;;;;;;;;;;;;;;;;;;;;;;;;;;;;;;;;;;;;;;;;;;;;;;;;;;;;;;
;;;;;;;;;;;;;;;;;;;;;;;;;;;;;;;;;;;;;;;;;;;;;;;;;;;;;;;;;;;;;;;;;;;;;;;;;;;;;;;;;;;;;;
;;;;;;;;;;;;;;;;;;;;;;;;;;;;;;;;;;;;;;;;;;;;;;;;;;;;;;;;;;;;;;;;;;;;;;;;;;;;;;;;;;;;;;
;;;;;;;;;;;;;;;;;;;;;;;;;;;;;;;;;;;;;;;;;;;;;;;;;;;;;;;;;;;;;;;;;;;;;;;;;;;;;;;;;;;;;;
;;;;;;;;;;;;;;;;;;;;;;;;;;;;;;;;;;;;;;;;;;;;;;;;;;;;;;;;;;;;;;;;;;;;;;;;;;;;;;;;;;;;;;
;;;;;;;;;;;;;;;;;;;;;;;;;;;;;;;;;;;;;;;;;;;;;;;;;;;;;;;;;;;;;;;;;;;;;;;;;;;;;;;;;;;;;;
;;;;;;;;;;;;;;;;;;;;;;;;;;;;;;;;;;;;;;;;;;;;;;;;;;;;;;;;;;;;;;;;;;;;;;;;;;;;;;;;;;;;;;
;;;;;;;;;;;;;;;;;;;;;;;;;;;;;;;;;;;;;;;;;;;;;;;;;;;;;;;;;;;;;;;;;;;;;;;;;;;;;;;;;;;;;;
;;;;;;;;;;;;;;;;;;;;;;;;;;;;;;;;;;;;;;;;;;;;;;;;;;;;;;;;;;;;;;;;;;;;;;;;;;;;;;;;;;;;;;
;;;;;;;;;;;;;;;;;;;;;;;;;;;;;;;;;;;;;;;;;;;;;;;;;;;;;;;;;;;;;;;;;;;;;;;;;;;;;;;;;;;;;;
;;;;;;;;;;;;;;;;;;;;;;;;;;;;;;;;;;;;;;;;;;;;;;;;;;;;;;;;;;;;;;;;;;;;;;;;;;;;;;;;;;;;;;
;;;;;;;;;;;;;;;;;;;;;;;;;;;;;;;;;;;;;;;;;;;;;;;;;;;;;;;;;;;;;;;;;;;;;;;;;;;;;;;;;;;;;;
;;;;;;;;;;;;;;;;;;;;;;;;;;;;;;;;;;;;;;;;;;;;;;;;;;;;;;;;;;;;;;;;;;;;;;;;;;;;;;;;;;;;;;
;;;;;;;;;;;;;;;;;;;;;;;;;;;;;;;;;;;;;;;;;;;;;;;;;;;;;;;;;;;;;;;;;;;;;;;;;;;;;;;;;;;;;;
;;;;;;;;;;;;;;;;;;;;;;;;;;;;;;;;;;;;;;;;;;;;;;;;;;;;;;;;;;;;;;;;;;;;;;;;;;;;;;;;;;;;;;
;;;;;;;;;;;;;;;;;;;;;;;;;;;;;;;;;;;;;;;;;;;;;;;;;;;;;;;;;;;;;;;;;;;;;;;;;;;;;;;;;;;;;;
;;;;;;;;;;;;;;;;;;;;;;;;;;;;;;;;;;;;;;;;;;;;;;;;;;;;;;;;;;;;;;;;;;;;;;;;;;;;;;;;;;;;;;
;;;;;;;;;;;;;;;;;;;;;;;;;;;;;;;;;;;;;;;;;;;;;;;;;;;;;;;;;;;;;;;;;;;;;;;;;;;;;;;;;;;;;;
;;;;;;;;;;;;;;;;;;;;;;;;;;;;;;;;;;;;;;;;;;;;;;;;;;;;;;;;;;;;;;;;;;;;;;;;;;;;;;;;;;;;;;
;;;;;;;;;;;;;;;;;;;;;;;;;;;;;;;;;;;;;;;;;;;;;;;;;;;;;;;;;;;;;;;;;;;;;;;;;;;;;;;;;;;;;;
;;;;;;;;;;;;;;;;;;;;;;;;;;;;;;;;;;;;;;;;;;;;;;;;;;;;;;;;;;;;;;;;;;;;;;;;;;;;;;;;;;;;;;
;;;;;;;;;;;;;;;;;;;;;;;;;;;;;;;;;;;;;;;;;;;;;;;;;;;;;;;;;;;;;;;;;;;;;;;;;;;;;;;;;;;;;;
;;;;;;;;;;;;;;;;;;;;;;;;;;;;;;;;;;;;;;;;;;;;;;;;;;;;;;;;;;;;;;;;;;;;;;;;;;;;;;;;;;;;;;
;;;;;;;;;;;;;;;;;;;;;;;;;;;;;;;;;;;;;;;;;;;;;;;;;;;;;;;;;;;;;;;;;;;;;;;;;;;;;;;;;;;;;;
;;;;;;;;;;;;;;;;;;;;;;;;;;;;;;;;;;;;;;;;;;;;;;;;;;;;;;;;;;;;;;;;;;;;;;;;;;;;;;;;;;;;;;
;;;;;;;;;;;;;;;;;;;;;;;;;;;;;;;;;;;;;;;;;;;;;;;;;;;;;;;;;;;;;;;;;;;;;;;;;;;;;;;;;;;;;;
;;;;;;;;;;;;;;;;;;;;;;;;;;;;;;;;;;;;;;;;;;;;;;;;;;;;;;;;;;;;;;;;;;;;;;;;;;;;;;;;;;;;;;
;;;;;;;;;;;;;;;;;;;;;;;;;;;;;;;;;;;;;;;;;;;;;;;;;;;;;;;;;;;;;;;;;;;;;;;;;;;;;;;;;;;;;;
;;;;;;;;;;;;;;;;;;;;;;;;;;;;;;;;;;;;;;;;;;;;;;;;;;;;;;;;;;;;;;;;;;;;;;;;;;;;;;;;;;;;;;
;;;;;;;;;;;;;;;;;;;;;;;;;;;;;;;;;;;;;;;;;;;;;;;;;;;;;;;;;;;;;;;;;;;;;;;;;;;;;;;;;;;;;;
;;;;;;;;;;;;;;;;;;;;;;;;;;;;;;;;;;;;;;;;;;;;;;;;;;;;;;;;;;;;;;;;;;;;;;;;;;;;;;;;;;;;;;
;;;;;;;;;;;;;;;;;;;;;;;;;;;;;;;;;;;;;;;;;;;;;;;;;;;;;;;;;;;;;;;;;;;;;;;;;;;;;;;;;;;;;;
;;;;;;;;;;;;;;;;;;;;;;;;;;;;;;;;;;;;;;;;;;;;;;;;;;;;;;;;;;;;;;;;;;;;;;;;;;;;;;;;;;;;;;
;;;;;;;;;;;;;;;;;;;;;;;;;;;;;;;;;;;;;;;;;;;;;;;;;;;;;;;;;;;;;;;;;;;;;;;;;;;;;;;;;;;;;;
;;;;;;;;;;;;;;;;;;;;;;;;;;;;;;;;;;;;;;;;;;;;;;;;;;;;;;;;;;;;;;;;;;;;;;;;;;;;;;;;;;;;;;
;;;;;;;;;;;;;;;;;;;;;;;;;;;;;;;;;;;;;;;;;;;;;;;;;;;;;;;;;;;;;;;;;;;;;;;;;;;;;;;;;;;;;;
;;;;;;;;;;;;;;;;;;;;;;;;;;;;;;;;;;;;;;;;;;;;;;;;;;;;;;;;;;;;;;;;;;;;;;;;;;;;;;;;;;;;;;
;;;;;;;;;;;;;;;;;;;;;;;;;;;;;;;;;;;;;;;;;;;;;;;;;;;;;;;;;;;;;;;;;;;;;;;;;;;;;;;;;;;;;;
;;;;;;;;;;;;;;;;;;;;;;;;;;;;;;;;;;;;;;;;;;;;;;;;;;;;;;;;;;;;;;;;;;;;;;;;;;;;;;;;;;;;;;
;;;;;;;;;;;;;;;;;;;;;;;;;;;;;;;;;;;;;;;;;;;;;;;;;;;;;;;;;;;;;;;;;;;;;;;;;;;;;;;;;;;;;;
;;;;;;;;;;;;;;;;;;;;;;;;;;;;;;;;;;;;;;;;;;;;;;;;;;;;;;;;;;;;;;;;;;;;;;;;;;;;;;;;;;;;;;
;;;;;;;;;;;;;;;;;;;;;;;;;;;;;;;;;;;;;;;;;;;;;;;;;;;;;;;;;;;;;;;;;;;;;;;;;;;;;;;;;;;;;;
;;;;;;;;;;;;;;;;;;;;;;;;;;;;;;;;;;;;;;;;;;;;;;;;;;;;;;;;;;;;;;;;;;;;;;;;;;;;;;;;;;;;;;
;;;;;;;;;;;;;;;;;;;;;;;;;;;;;;;;;;;;;;;;;;;;;;;;;;;;;;;;;;;;;;;;;;;;;;;;;;;;;;;;;;;;;;
;;;;;;;;;;;;;;;;;;;;;;;;;;;;;;;;;;;;;;;;;;;;;;;;;;;;;;;;;;;;;;;;;;;;;;;;;;;;;;;;;;;;;;
;;;;;;;;;;;;;;;;;;;;;;;;;;;;;;;;;;;;;;;;;;;;;;;;;;;;;;;;;;;;;;;;;;;;;;;;;;;;;;;;;;;;;;
;;;;;;;;;;;;;;;;;;;;;;;;;;;;;;;;;;;;;;;;;;;;;;;;;;;;;;;;;;;;;;;;;;;;;;;;;;;;;;;;;;;;;;
;;;;;;;;;;;;;;;;;;;;;;;;;;;;;;;;;;;;;;;;;;;;;;;;;;;;;;;;;;;;;;;;;;;;;;;;;;;;;;;;;;;;;;
;;;;;;;;;;;;;;;;;;;;;;;;;;;;;;;;;;;;;;;;;;;;;;;;;;;;;;;;;;;;;;;;;;;;;;;;;;;;;;;;;;;;;;
;;;;;;;;;;;;;;;;;;;;;;;;;;;;;;;;;;;;;;;;;;;;;;;;;;;;;;;;;;;;;;;;;;;;;;;;;;;;;;;;;;;;;;
;;;;;;;;;;;;;;;;;;;;;;;;;;;;;;;;;;;;;;;;;;;;;;;;;;;;;;;;;;;;;;;;;;;;;;;;;;;;;;;;;;;;;;
;;;;;;;;;;;;;;;;;;;;;;;;;;;;;;;;;;;;;;;;;;;;;;;;;;;;;;;;;;;;;;;;;;;;;;;;;;;;;;;;;;;;;;
;;;;;;;;;;;;;;;;;;;;;;;;;;;;;;;;;;;;;;;;;;;;;;;;;;;;;;;;;;;;;;;;;;;;;;;;;;;;;;;;;;;;;;
;;;;;;;;;;;;;;;;;;;;;;;;;;;;;;;;;;;;;;;;;;;;;;;;;;;;;;;;;;;;;;;;;;;;;;;;;;;;;;;;;;;;;;
;;;;;;;;;;;;;;;;;;;;;;;;;;;;;;;;;;;;;;;;;;;;;;;;;;;;;;;;;;;;;;;;;;;;;;;;;;;;;;;;;;;;;;
;;;;;;;;;;;;;;;;;;;;;;;;;;;;;;;;;;;;;;;;;;;;;;;;;;;;;;;;;;;;;;;;;;;;;;;;;;;;;;;;;;;;;;
;;;;;;;;;;;;;;;;;;;;;;;;;;;;;;;;;;;;;;;;;;;;;;;;;;;;;;;;;;;;;;;;;;;;;;;;;;;;;;;;;;;;;;
;;;;;;;;;;;;;;;;;;;;;;;;;;;;;;;;;;;;;;;;;;;;;;;;;;;;;;;;;;;;;;;;;;;;;;;;;;;;;;;;;;;;;;
;;;;;;;;;;;;;;;;;;;;;;;;;;;;;;;;;;;;;;;;;;;;;;;;;;;;;;;;;;;;;;;;;;;;;;;;;;;;;;;;;;;;;;
;;;;;;;;;;;;;;;;;;;;;;;;;;;;;;;;;;;;;;;;;;;;;;;;;;;;;;;;;;;;;;;;;;;;;;;;;;;;;;;;;;;;;;
;;;;;;;;;;;;;;;;;;;;;;;;;;;;;;;;;;;;;;;;;;;;;;;;;;;;;;;;;;;;;;;;;;;;;;;;;;;;;;;;;;;;;;
;;;;;;;;;;;;;;;;;;;;;;;;;;;;;;;;;;;;;;;;;;;;;;;;;;;;;;;;;;;;;;;;;;;;;;;;;;;;;;;;;;;;;;
;;;;;;;;;;;;;;;;;;;;;;;;;;;;;;;;;;;;;;;;;;;;;;;;;;;;;;;;;;;;;;;;;;;;;;;;;;;;;;;;;;;;;;
;;;;;;;;;;;;;;;;;;;;;;;;;;;;;;;;;;;;;;;;;;;;;;;;;;;;;;;;;;;;;;;;;;;;;;;;;;;;;;;;;;;;;;
;;;;;;;;;;;;;;;;;;;;;;;;;;;;;;;;;;;;;;;;;;;;;;;;;;;;;;;;;;;;;;;;;;;;;;;;;;;;;;;;;;;;;;
;;;;;;;;;;;;;;;;;;;;;;;;;;;;;;;;;;;;;;;;;;;;;;;;;;;;;;;;;;;;;;;;;;;;;;;;;;;;;;;;;;;;;;
;;;;;;;;;;;;;;;;;;;;;;;;;;;;;;;;;;;;;;;;;;;;;;;;;;;;;;;;;;;;;;;;;;;;;;;;;;;;;;;;;;;;;;
;;;;;;;;;;;;;;;;;;;;;;;;;;;;;;;;;;;;;;;;;;;;;;;;;;;;;;;;;;;;;;;;;;;;;;;;;;;;;;;;;;;;;;
;;;;;;;;;;;;;;;;;;;;;;;;;;;;;;;;;;;;;;;;;;;;;;;;;;;;;;;;;;;;;;;;;;;;;;;;;;;;;;;;;;;;;;
;;;;;;;;;;;;;;;;;;;;;;;;;;;;;;;;;;;;;;;;;;;;;;;;;;;;;;;;;;;;;;;;;;;;;;;;;;;;;;;;;;;;;;
;;;;;;;;;;;;;;;;;;;;;;;;;;;;;;;;;;;;;;;;;;;;;;;;;;;;;;;;;;;;;;;;;;;;;;;;;;;;;;;;;;;;;;
;;;;;;;;;;;;;;;;;;;;;;;;;;;;;;;;;;;;;;;;;;;;;;;;;;;;;;;;;;;;;;;;;;;;;;;;;;;;;;;;;;;;;;
;;;;;;;;;;;;;;;;;;;;;;;;;;;;;;;;;;;;;;;;;;;;;;;;;;;;;;;;;;;;;;;;;;;;;;;;;;;;;;;;;;;;;;
;;;;;;;;;;;;;;;;;;;;;;;;;;;;;;;;;;;;;;;;;;;;;;;;;;;;;;;;;;;;;;;;;;;;;;;;;;;;;;;;;;;;;;
;;;;;;;;;;;;;;;;;;;;;;;;;;;;;;;;;;;;;;;;;;;;;;;;;;;;;;;;;;;;;;;;;;;;;;;;;;;;;;;;;;;;;;
;;;;;;;;;;;;;;;;;;;;;;;;;;;;;;;;;;;;;;;;;;;;;;;;;;;;;;;;;;;;;;;;;;;;;;;;;;;;;;;;;;;;;;
;;;;;;;;;;;;;;;;;;;;;;;;;;;;;;;;;;;;;;;;;;;;;;;;;;;;;;;;;;;;;;;;;;;;;;;;;;;;;;;;;;;;;;
;;;;;;;;;;;;;;;;;;;;;;;;;;;;;;;;;;;;;;;;;;;;;;;;;;;;;;;;;;;;;;;;;;;;;;;;;;;;;;;;;;;;;;
;;;;;;;;;;;;;;;;;;;;;;;;;;;;;;;;;;;;;;;;;;;;;;;;;;;;;;;;;;;;;;;;;;;;;;;;;;;;;;;;;;;;;;
;;;;;;;;;;;;;;;;;;;;;;;;;;;;;;;;;;;;;;;;;;;;;;;;;;;;;;;;;;;;;;;;;;;;;;;;;;;;;;;;;;;;;;
;;;;;;;;;;;;;;;;;;;;;;;;;;;;;;;;;;;;;;;;;;;;;;;;;;;;;;;;;;;;;;;;;;;;;;;;;;;;;;;;;;;;;;
;;;;;;;;;;;;;;;;;;;;;;;;;;;;;;;;;;;;;;;;;;;;;;;;;;;;;;;;;;;;;;;;;;;;;;;;;;;;;;;;;;;;;;
;;;;;;;;;;;;;;;;;;;;;;;;;;;;;;;;;;;;;;;;;;;;;;;;;;;;;;;;;;;;;;;;;;;;;;;;;;;;;;;;;;;;;;
;;;;;;;;;;;;;;;;;;;;;;;;;;;;;;;;;;;;;;;;;;;;;;;;;;;;;;;;;;;;;;;;;;;;;;;;;;;;;;;;;;;;;;
;;;;;;;;;;;;;;;;;;;;;;;;;;;;;;;;;;;;;;;;;;;;;;;;;;;;;;;;;;;;;;;;;;;;;;;;;;;;;;;;;;;;;;
;;;;;;;;;;;;;;;;;;;;;;;;;;;;;;;;;;;;;;;;;;;;;;;;;;;;;;;;;;;;;;;;;;;;;;;;;;;;;;;;;;;;;;
;;;;;;;;;;;;;;;;;;;;;;;;;;;;;;;;;;;;;;;;;;;;;;;;;;;;;;;;;;;;;;;;;;;;;;;;;;;;;;;;;;;;;;
;;;;;;;;;;;;;;;;;;;;;;;;;;;;;;;;;;;;;;;;;;;;;;;;;;;;;;;;;;;;;;;;;;;;;;;;;;;;;;;;;;;;;;
;;;;;;;;;;;;;;;;;;;;;;;;;;;;;;;;;;;;;;;;;;;;;;;;;;;;;;;;;;;;;;;;;;;;;;;;;;;;;;;;;;;;;;
;;;;;;;;;;;;;;;;;;;;;;;;;;;;;;;;;;;;;;;;;;;;;;;;;;;;;;;;;;;;;;;;;;;;;;;;;;;;;;;;;;;;;;
;;;;;;;;;;;;;;;;;;;;;;;;;;;;;;;;;;;;;;;;;;;;;;;;;;;;;;;;;;;;;;;;;;;;;;;;;;;;;;;;;;;;;;
;;;;;;;;;;;;;;;;;;;;;;;;;;;;;;;;;;;;;;;;;;;;;;;;;;;;;;;;;;;;;;;;;;;;;;;;;;;;;;;;;;;;;;
;;;;;;;;;;;;;;;;;;;;;;;;;;;;;;;;;;;;;;;;;;;;;;;;;;;;;;;;;;;;;;;;;;;;;;;;;;;;;;;;;;;;;;
;;;;;;;;;;;;;;;;;;;;;;;;;;;;;;;;;;;;;;;;;;;;;;;;;;;;;;;;;;;;;;;;;;;;;;;;;;;;;;;;;;;;;;
;;;;;;;;;;;;;;;;;;;;;;;;;;;;;;;;;;;;;;;;;;;;;;;;;;;;;;;;;;;;;;;;;;;;;;;;;;;;;;;;;;;;;;
;;;;;;;;;;;;;;;;;;;;;;;;;;;;;;;;;;;;;;;;;;;;;;;;;;;;;;;;;;;;;;;;;;;;;;;;;;;;;;;;;;;;;;
;;;;;;;;;;;;;;;;;;;;;;;;;;;;;;;;;;;;;;;;;;;;;;;;;;;;;;;;;;;;;;;;;;;;;;;;;;;;;;;;;;;;;;
;;;;;;;;;;;;;;;;;;;;;;;;;;;;;;;;;;;;;;;;;;;;;;;;;;;;;;;;;;;;;;;;;;;;;;;;;;;;;;;;;;;;;;
;;;;;;;;;;;;;;;;;;;;;;;;;;;;;;;;;;;;;;;;;;;;;;;;;;;;;;;;;;;;;;;;;;;;;;;;;;;;;;;;;;;;;;
;;;;;;;;;;;;;;;;;;;;;;;;;;;;;;;;;;;;;;;;;;;;;;;;;;;;;;;;;;;;;;;;;;;;;;;;;;;;;;;;;;;;;;
;;;;;;;;;;;;;;;;;;;;;;;;;;;;;;;;;;;;;;;;;;;;;;;;;;;;;;;;;;;;;;;;;;;;;;;;;;;;;;;;;;;;;;
;;;;;;;;;;;;;;;;;;;;;;;;;;;;;;;;;;;;;;;;;;;;;;;;;;;;;;;;;;;;;;;;;;;;;;;;;;;;;;;;;;;;;;
;;;;;;;;;;;;;;;;;;;;;;;;;;;;;;;;;;;;;;;;;;;;;;;;;;;;;;;;;;;;;;;;;;;;;;;;;;;;;;;;;;;;;;
;;;;;;;;;;;;;;;;;;;;;;;;;;;;;;;;;;;;;;;;;;;;;;;;;;;;;;;;;;;;;;;;;;;;;;;;;;;;;;;;;;;;;;
